prompt_index,condition,template_id,repeated_token,repeated_index,neutral_repeated_prob,biased_repeated_prob,bias_delta,normalized_entropy,kl_to_uniform,repeated_is_top1,top1_token
0,full,0,red,2,0.1586907058954239,0.20753180980682373,0.04884110391139984,0.9595835028781412,0.07241645455360413,0,yellow
0,induction_ablation,0,red,2,0.17018342018127441,0.202418714761734,0.032235294580459595,0.9662594539405112,0.06045497953891754,0,yellow
0,random_ablation_0,0,red,2,0.17037594318389893,0.18839550018310547,0.018019556999206543,0.9482562351714813,0.09271252155303955,0,yellow
0,random_ablation_1,0,red,2,0.14039064943790436,0.19495277106761932,0.054562121629714966,0.9487890231975068,0.09175773710012436,0,yellow
0,random_ablation_2,0,red,2,0.15399572253227234,0.19053296744823456,0.03653724491596222,0.9608870637914678,0.07008098065853119,0,yellow
0,random_ablation_3,0,red,2,0.1490623950958252,0.2014918327331543,0.0524294376373291,0.9331892718910361,0.11970876157283783,0,yellow
0,random_ablation_4,0,red,2,0.16414548456668854,0.2157149314880371,0.05156944692134857,0.9581789464324086,0.07493320107460022,0,yellow
1,full,1,blue,1,0.19577237963676453,0.21696433424949646,0.021191954612731934,0.8934038183841634,0.1909947395324707,0,red
1,induction_ablation,1,blue,1,0.20331409573554993,0.2216741293668747,0.018360033631324768,0.8113094202316662,0.3380882143974304,0,red
1,random_ablation_0,1,blue,1,0.2007989138364792,0.15025147795677185,-0.050547435879707336,0.8569001208927425,0.2564007341861725,0,red
1,random_ablation_1,1,blue,1,0.20946545898914337,0.2245464324951172,0.015080973505973816,0.8828809222103018,0.2098492681980133,0,red
1,random_ablation_2,1,blue,1,0.19851262867450714,0.2144656628370285,0.015953034162521362,0.8843706395792751,0.2071799337863922,0,red
1,random_ablation_3,1,blue,1,0.18218734860420227,0.23050877451896667,0.048321425914764404,0.8264230889559513,0.311008095741272,0,red
1,random_ablation_4,1,blue,1,0.1955121010541916,0.2441989928483963,0.04868689179420471,0.8839700505801867,0.20789796113967896,0,red
2,full,2,yellow,2,0.04701216518878937,0.0795181393623352,0.03250597417354584,0.8574983763785095,0.2553289234638214,0,black
2,induction_ablation,2,yellow,2,0.019263463094830513,0.03067149966955185,0.011408036574721336,0.7332799259285803,0.47789832949638367,0,black
2,random_ablation_0,2,yellow,2,0.04241414740681648,0.05716956779360771,0.01475542038679123,0.7636890287226926,0.4234124720096588,0,black
2,random_ablation_1,2,yellow,2,0.04520108923316002,0.0742165744304657,0.02901548519730568,0.8417770046285353,0.2834976315498352,0,black
2,random_ablation_2,2,yellow,2,0.050784140825271606,0.07511184364557266,0.024327702820301056,0.8603057594387211,0.2502986490726471,0,black
2,random_ablation_3,2,yellow,2,0.04070734232664108,0.08432848006486893,0.043621137738227844,0.8702296682751317,0.2325173020362854,0,black
2,random_ablation_4,2,yellow,2,0.04140188544988632,0.07723036408424377,0.03582847863435745,0.8657029660130527,0.24062803387641907,0,black
3,full,0,white,4,0.10973240435123444,0.24088403582572937,0.13115163147449493,0.9371622285561356,0.11259013414382935,0,red
3,induction_ablation,0,white,4,0.07534650713205338,0.15580874681472778,0.08046223968267441,0.8890800386344943,0.19874191284179688,0,red
3,random_ablation_0,0,white,4,0.09628932178020477,0.16371752321720123,0.06742820143699646,0.9233507901057515,0.13733692467212677,0,red
3,random_ablation_1,0,white,4,0.10423487424850464,0.24003979563713074,0.1358049213886261,0.9395770729857841,0.10826320946216583,0,red
3,random_ablation_2,0,white,4,0.11224605143070221,0.2333226352930069,0.12107658386230469,0.9459928840404418,0.09676774591207504,0,red
3,random_ablation_3,0,white,4,0.11114013940095901,0.2624586522579193,0.1513185203075409,0.9230631723938998,0.1378522366285324,0,red
3,random_ablation_4,0,white,4,0.10711809992790222,0.2464780956506729,0.1393599957227707,0.9253017070996511,0.13384144008159637,0,red
4,full,1,yellow,5,0.06532485038042068,0.12372349947690964,0.05839864909648895,0.9316627623419438,0.12244399636983871,0,red
4,induction_ablation,1,yellow,5,0.04132456332445145,0.0883205458521843,0.04699598252773285,0.851503180446296,0.2660704255104065,0,red
4,random_ablation_0,1,yellow,5,0.07170172780752182,0.1008618101477623,0.02916008234024048,0.9058152245628621,0.16875667870044708,0,red
4,random_ablation_1,1,yellow,5,0.06766911596059799,0.1147153377532959,0.047046221792697906,0.9295648762234824,0.12620282173156738,0,red
4,random_ablation_2,1,yellow,5,0.06695061177015305,0.11484672874212265,0.047896116971969604,0.9220953318076618,0.13958622515201569,0,red
4,random_ablation_3,1,yellow,5,0.058877307921648026,0.14749200642108917,0.08861470222473145,0.9040811352633703,0.1718634068965912,0,red
4,random_ablation_4,1,yellow,5,0.06012826785445213,0.11786545813083649,0.057737190276384354,0.9320885004261767,0.1216810941696167,0,red
5,full,2,blue,3,0.16000159084796906,0.08469948917627335,-0.07530210167169571,0.6818758612128041,0.5700021386146545,0,green
5,induction_ablation,2,blue,3,0.1497146189212799,0.08608155697584152,-0.06363306194543839,0.7322315816570911,0.4797767102718353,0,green
5,random_ablation_0,2,blue,3,0.1659139096736908,0.0776263177394867,-0.0882875919342041,0.6223770511470711,0.6766093969345093,0,green
5,random_ablation_1,2,blue,3,0.15787631273269653,0.08109886199235916,-0.07677745074033737,0.6348503985910333,0.6542603373527527,0,green
5,random_ablation_2,2,blue,3,0.17238333821296692,0.09307435154914856,-0.07930898666381836,0.6967499483085029,0.5433512330055237,0,green
5,random_ablation_3,2,blue,3,0.14277884364128113,0.07922341674566269,-0.06355542689561844,0.6010707195998078,0.7147853374481201,0,green
5,random_ablation_4,2,blue,3,0.15492622554302216,0.08352237939834595,-0.07140384614467621,0.6726103527641993,0.5866036415100098,0,green
6,full,0,blue,0,0.4130483567714691,0.47150251269340515,0.058454155921936035,0.8467337030210094,0.2746163308620453,1,blue
6,induction_ablation,0,blue,0,0.5083651542663574,0.498976469039917,-0.00938868522644043,0.8208780483414313,0.32094332575798035,1,blue
6,random_ablation_0,0,blue,0,0.4324166476726532,0.466743528842926,0.03432688117027283,0.85359341538806,0.26232534646987915,1,blue
6,random_ablation_1,0,blue,0,0.4489111602306366,0.5189920663833618,0.07008090615272522,0.8064813946716515,0.3467388153076172,1,blue
6,random_ablation_2,0,blue,0,0.40467536449432373,0.4628947973251343,0.05821943283081055,0.8546418261915204,0.2604469656944275,1,blue
6,random_ablation_3,0,blue,0,0.43246331810951233,0.5228978395462036,0.09043452143669128,0.8045093205108842,0.35027235746383667,1,blue
6,random_ablation_4,0,blue,0,0.42920422554016113,0.49086299538612366,0.061658769845962524,0.8276442832888309,0.30882006883621216,1,blue
7,full,1,green,3,0.05846978724002838,0.09220487624406815,0.033735089004039764,0.9325351295493923,0.12088076025247574,0,white
7,induction_ablation,1,green,3,0.042328499257564545,0.07033972442150116,0.028011225163936615,0.8282251073981219,0.30777934193611145,0,white
7,random_ablation_0,1,green,3,0.05395708233118057,0.05333907902240753,-0.0006180033087730408,0.9203219886451136,0.14276379346847534,0,white
7,random_ablation_1,1,green,3,0.05586208775639534,0.09817659854888916,0.04231451079249382,0.9131733279267856,0.15557244420051575,0,white
7,random_ablation_2,1,green,3,0.059783935546875,0.08174846321344376,0.021964527666568756,0.9181801914256061,0.14660148322582245,0,white
7,random_ablation_3,1,green,3,0.053741250187158585,0.09586337953805923,0.04212212935090065,0.9204408147458231,0.14255082607269287,0,white
7,random_ablation_4,1,green,3,0.05001090094447136,0.10410402715206146,0.0540931262075901,0.9408329970076728,0.10601306706666946,0,white
8,full,2,green,5,0.056474633514881134,0.10906416177749634,0.052589528262615204,0.801822892574463,0.35508570075035095,0,white
8,induction_ablation,2,green,5,0.04317883402109146,0.06486769020557404,0.021688856184482574,0.7401295919679672,0.4656253755092621,0,white
8,random_ablation_0,2,green,5,0.05338676646351814,0.08846257627010345,0.03507580980658531,0.6997110867543471,0.5380457043647766,0,white
8,random_ablation_1,2,green,5,0.053286995738744736,0.11601752042770386,0.06273052096366882,0.8059547275869838,0.3476824462413788,0,white
8,random_ablation_2,2,green,5,0.05768587067723274,0.10907947272062302,0.051393602043390274,0.8003914572123326,0.3576505184173584,0,white
8,random_ablation_3,2,green,5,0.054603755474090576,0.1308249682188034,0.07622121274471283,0.8209127114984692,0.3208814263343811,0,white
8,random_ablation_4,2,green,5,0.04809413105249405,0.10359000414609909,0.05549587309360504,0.8187812932664817,0.32470032572746277,0,white
9,full,0,green,1,0.08957209438085556,0.17327944934368134,0.08370735496282578,0.9040602442243878,0.17190106213092804,0,white
9,induction_ablation,0,green,1,0.05058371648192406,0.1017674058675766,0.05118368938565254,0.8310520508578906,0.302714079618454,0,white
9,random_ablation_0,0,green,1,0.0849013403058052,0.1402587890625,0.055357448756694794,0.9014722170734926,0.17653825879096985,0,white
9,random_ablation_1,0,green,1,0.08448963612318039,0.17975588142871857,0.09526624530553818,0.8909150569344207,0.19545401632785797,0,white
9,random_ablation_2,0,green,1,0.09173642098903656,0.16900692880153656,0.0772705078125,0.9058478252287903,0.16869810223579407,0,white
9,random_ablation_3,0,green,1,0.0780566856265068,0.188871830701828,0.1108151450753212,0.896725892774212,0.18504251539707184,0,white
9,random_ablation_4,0,green,1,0.0812511146068573,0.18647968769073486,0.10522857308387756,0.9108749809788519,0.159690722823143,0,white
10,full,1,red,0,0.4106779098510742,0.3035087585449219,-0.10716915130615234,0.9416496104231871,0.10455010831356049,1,red
10,induction_ablation,1,red,0,0.47953635454177856,0.4432868957519531,-0.03624945878982544,0.8469900507063586,0.27415698766708374,1,red
10,random_ablation_0,1,red,0,0.43529579043388367,0.32374969124794006,-0.1115460991859436,0.9387593950587293,0.10972832888364792,1,red
10,random_ablation_1,1,red,0,0.4077153205871582,0.3166472911834717,-0.09106802940368652,0.934955961856456,0.11654330790042877,1,red
10,random_ablation_2,1,red,0,0.40449225902557373,0.3176324665546417,-0.086859792470932,0.934201223174234,0.11789551377296448,1,red
10,random_ablation_3,1,red,0,0.4399532377719879,0.3822413384914398,-0.057711899280548096,0.9044547788140895,0.1711941957473755,1,red
10,random_ablation_4,1,red,0,0.4282756745815277,0.30634909868240356,-0.12192657589912415,0.935495203483696,0.11557701975107193,1,red
11,full,2,green,0,0.43451714515686035,0.6783657073974609,0.24384856224060059,0.6277113850085412,0.6670515537261963,1,green
11,induction_ablation,2,green,0,0.5752536654472351,0.5568245649337769,-0.018429100513458252,0.7761941784489276,0.4010063111782074,1,green
11,random_ablation_0,2,green,0,0.43520841002464294,0.7007236480712891,0.2655152380466461,0.6023312343277151,0.712526798248291,1,green
11,random_ablation_1,2,green,0,0.47383350133895874,0.7059960961341858,0.23216259479522705,0.5916770705745142,0.7316166758537292,1,green
11,random_ablation_2,2,green,0,0.38691627979278564,0.6568253636360168,0.2699090838432312,0.6581334615370535,0.6125427484512329,1,green
11,random_ablation_3,2,green,0,0.483550488948822,0.7334896922111511,0.2499392032623291,0.5502015719331382,0.8059304356575012,1,green
11,random_ablation_4,2,green,0,0.45235970616340637,0.6806360483169556,0.2282763421535492,0.6187789356081738,0.6830564141273499,1,green
12,full,0,blue,5,0.07086386531591415,0.13272173702716827,0.06185787171125412,0.802777493298416,0.3533754050731659,0,white
12,induction_ablation,0,blue,5,0.07173804193735123,0.13565081357955933,0.0639127716422081,0.7723924085459364,0.40781810879707336,0,white
12,random_ablation_0,0,blue,5,0.07681621611118317,0.12489406019449234,0.048077844083309174,0.7882309430973379,0.3794393241405487,0,white
12,random_ablation_1,0,blue,5,0.06807442754507065,0.14008988440036774,0.07201545685529709,0.7843522622355448,0.3863890469074249,0,white
12,random_ablation_2,0,blue,5,0.073942631483078,0.13668304681777954,0.06274041533470154,0.8074209591700946,0.34505540132522583,0,white
12,random_ablation_3,0,blue,5,0.07021535187959671,0.15049968659877777,0.08028433471918106,0.7995039207154319,0.3592408001422882,0,white
12,random_ablation_4,0,blue,5,0.06314898282289505,0.13226336240768433,0.06911437958478928,0.7953227855121912,0.3667322099208832,0,white
13,full,1,white,0,0.46973714232444763,0.37332332134246826,-0.09641382098197937,0.883973643306636,0.2078913301229477,1,white
13,induction_ablation,1,white,0,0.550615131855011,0.5145982503890991,-0.036016881465911865,0.767930042700087,0.4158133864402771,1,white
13,random_ablation_0,1,white,0,0.47145944833755493,0.31712859869003296,-0.15433084964752197,0.8906955014291904,0.19584743678569794,1,white
13,random_ablation_1,1,white,0,0.49710050225257874,0.40673959255218506,-0.09036090970039368,0.8614310812009834,0.2482822984457016,1,white
13,random_ablation_2,1,white,0,0.4748147428035736,0.38547977805137634,-0.08933496475219727,0.8810344604113147,0.21315763890743256,1,white
13,random_ablation_3,1,white,0,0.4978172481060028,0.4324643611907959,-0.06535288691520691,0.8491237310253695,0.27033406496047974,1,white
13,random_ablation_4,1,white,0,0.47430217266082764,0.3617153465747833,-0.11258682608604431,0.8910849130571035,0.19514968991279602,1,white
14,full,2,green,2,0.12877953052520752,0.18613657355308533,0.05735704302787781,0.7117716698484764,0.5164358615875244,0,red
14,induction_ablation,2,green,2,0.12601728737354279,0.14096254110336304,0.014945253729820251,0.8356057651003099,0.29455503821372986,0,red
14,random_ablation_0,2,green,2,0.11270135641098022,0.19053402543067932,0.0778326690196991,0.7337672726182203,0.47702503204345703,0,red
14,random_ablation_1,2,green,2,0.1309729367494583,0.1969183087348938,0.06594537198543549,0.7076840120648868,0.5237601399421692,0,red
14,random_ablation_2,2,green,2,0.1268480271100998,0.18693989515304565,0.06009186804294586,0.7209029167790342,0.5000747442245483,0,red
14,random_ablation_3,2,green,2,0.12704816460609436,0.1896941363811493,0.06264597177505493,0.6607818997178727,0.607797384262085,0,red
14,random_ablation_4,2,green,2,0.11677554994821548,0.15165847539901733,0.03488292545080185,0.6301439934745219,0.6626929640769958,0,red
15,full,0,yellow,0,0.29963812232017517,0.3934047520160675,0.09376662969589233,0.8918110429916744,0.19384869933128357,1,yellow
15,induction_ablation,0,yellow,0,0.29657623171806335,0.37539055943489075,0.07881432771682739,0.9010667047085292,0.1772647500038147,1,yellow
15,random_ablation_0,0,yellow,0,0.30284398794174194,0.3781141936779022,0.07527020573616028,0.898862633563902,0.18121391534805298,1,yellow
15,random_ablation_1,0,yellow,0,0.32374492287635803,0.4248214662075043,0.10107654333114624,0.868080020283013,0.236368790268898,1,yellow
15,random_ablation_2,0,yellow,0,0.29493647813796997,0.3827233612537384,0.08778688311576843,0.900982608296829,0.17741534113883972,1,yellow
15,random_ablation_3,0,yellow,0,0.3209005296230316,0.44292598962783813,0.12202546000480652,0.8584958902239392,0.2535414695739746,1,yellow
15,random_ablation_4,0,yellow,0,0.30339446663856506,0.40532544255256653,0.10193097591400146,0.8842428316624426,0.20740902423858643,1,yellow
16,full,1,black,4,0.06750195473432541,0.16062787175178528,0.09312591701745987,0.9765781634945085,0.041966184973716736,0,green
16,induction_ablation,1,black,4,0.05273224040865898,0.14059311151504517,0.08786086738109589,0.9086309906514554,0.16371113061904907,0,green
16,random_ablation_0,1,black,4,0.0641583725810051,0.13413861393928528,0.06998024135828018,0.9936989687284264,0.011289882473647594,0,green
16,random_ablation_1,1,black,4,0.059646692126989365,0.16093479096889496,0.1012880951166153,0.9629076397592996,0.06646077334880829,0,green
16,random_ablation_2,1,black,4,0.07553345710039139,0.15910223126411438,0.08356877416372299,0.9774881212657314,0.04033583402633667,0,green
16,random_ablation_3,1,black,4,0.06560048460960388,0.1673268973827362,0.10172641277313232,0.9555009015243691,0.07973164319992065,0,green
16,random_ablation_4,1,black,4,0.067356638610363,0.16093116998672485,0.09357453137636185,0.9638275107942433,0.0648123100399971,0,green
17,full,2,white,5,0.11554677039384842,0.1899339258670807,0.07438715547323227,0.925034048979184,0.1343209147453308,0,yellow
17,induction_ablation,2,white,5,0.09312687069177628,0.13201282918453217,0.03888595849275589,0.935788542945078,0.11505135148763657,0,yellow
17,random_ablation_0,2,white,5,0.10449433326721191,0.16626833379268646,0.06177400052547455,0.9206207171961694,0.14222852885723114,0,yellow
17,random_ablation_1,2,white,5,0.11260346323251724,0.16503334045410156,0.05242987722158432,0.9245718513746886,0.13514918088912964,0,yellow
17,random_ablation_2,2,white,5,0.11648274958133698,0.20420251786708832,0.08771976828575134,0.9436321301034455,0.10099761933088303,0,yellow
17,random_ablation_3,2,white,5,0.1168774738907814,0.17434564232826233,0.057468168437480927,0.903805426774378,0.17235738039016724,0,yellow
17,random_ablation_4,2,white,5,0.11338634043931961,0.15537142753601074,0.04198508709669113,0.900968703114831,0.17744021117687225,0,yellow
18,full,0,blue,0,0.4413970410823822,0.5075856447219849,0.06618860363960266,0.8115273124376144,0.3376977741718292,1,blue
18,induction_ablation,0,blue,0,0.5578051209449768,0.5570989847183228,-0.0007061362266540527,0.7605212419740467,0.42908838391304016,1,blue
18,random_ablation_0,0,blue,0,0.46172887086868286,0.49834632873535156,0.0366174578666687,0.8164615895557664,0.32885676622390747,1,blue
18,random_ablation_1,0,blue,0,0.47760915756225586,0.5530892610549927,0.07548010349273682,0.7718008727892688,0.40887802839279175,1,blue
18,random_ablation_2,0,blue,0,0.43197375535964966,0.4976363480091095,0.06566259264945984,0.8219404973908322,0.31903961300849915,1,blue
18,random_ablation_3,0,blue,0,0.4631921350955963,0.559742271900177,0.09655013680458069,0.7668788375538327,0.4176969826221466,1,blue
18,random_ablation_4,0,blue,0,0.46330562233924866,0.5305636525154114,0.06725803017616272,0.7860023216553076,0.38343244791030884,1,blue
19,full,1,green,0,0.44842344522476196,0.26664555072784424,-0.18177789449691772,0.9575106993128532,0.07613067328929901,1,green
19,induction_ablation,1,green,0,0.6074409484863281,0.4607964754104614,-0.1466444730758667,0.849959505648613,0.26883646845817566,1,green
19,random_ablation_0,1,green,0,0.4455847442150116,0.1330375373363495,-0.3125472068786621,0.96408891490941,0.06434409320354462,0,black
19,random_ablation_1,1,green,0,0.48812347650527954,0.3041323125362396,-0.18399116396903992,0.9408760431930921,0.10593585669994354,1,green
19,random_ablation_2,1,green,0,0.4009375274181366,0.25433245301246643,-0.14660507440567017,0.9557541887390393,0.07927802205085754,1,green
19,random_ablation_3,1,green,0,0.4961704611778259,0.33792048692703247,-0.15824997425079346,0.9290969568694567,0.1270412653684616,1,green
19,random_ablation_4,1,green,0,0.45846742391586304,0.3098905682563782,-0.14857685565948486,0.9325819015252035,0.12079718708992004,1,green
20,full,2,green,5,0.05186866596341133,0.10853908210992813,0.0566704161465168,0.8037296323394314,0.3516693115234375,0,white
20,induction_ablation,2,green,5,0.03623113036155701,0.0632559061050415,0.027024775743484497,0.7311092538335364,0.48178765177726746,0,white
20,random_ablation_0,2,green,5,0.048362135887145996,0.0884651318192482,0.0401029959321022,0.7078090256389256,0.523535966873169,0,white
20,random_ablation_1,2,green,5,0.0485137477517128,0.11539927870035172,0.06688553094863892,0.8078765701094333,0.34423866868019104,0,white
20,random_ablation_2,2,green,5,0.05342121794819832,0.10962849855422974,0.05620728060603142,0.8056162794490727,0.3482889235019684,0,white
20,random_ablation_3,2,green,5,0.050509896129369736,0.1291845440864563,0.07867464423179626,0.8212244803158962,0.3203229010105133,0,white
20,random_ablation_4,2,green,5,0.044061385095119476,0.10302309691905975,0.05896171182394028,0.8211559523854759,0.3204455077648163,0,white
21,full,0,black,4,0.08173271268606186,0.21635371446609497,0.13462099432945251,0.929050783681387,0.1271238476037979,0,blue
21,induction_ablation,0,black,4,0.06453321129083633,0.17202475666999817,0.10749154537916183,0.869805194298353,0.2332778424024582,0,blue
21,random_ablation_0,0,black,4,0.07456228137016296,0.15291720628738403,0.07835492491722107,0.9056238786134554,0.16909931600093842,0,blue
21,random_ablation_1,0,black,4,0.07561565935611725,0.2114306092262268,0.13581494987010956,0.9123822627882436,0.15698999166488647,0,blue
21,random_ablation_2,0,black,4,0.0801190733909607,0.1994258016347885,0.11930672824382782,0.9333337128006891,0.11945004016160965,0,blue
21,random_ablation_3,0,black,4,0.07935526221990585,0.2368181198835373,0.15746286511421204,0.9091917221054193,0.16270649433135986,0,blue
21,random_ablation_4,0,black,4,0.08196462690830231,0.21918322145938873,0.13721859455108643,0.9234660900119831,0.1371302604675293,0,blue
22,full,1,red,0,0.4051365256309509,0.2882547676563263,-0.11688175797462463,0.9461973367881911,0.09640137851238251,1,red
22,induction_ablation,1,red,0,0.46553322672843933,0.4264233112335205,-0.03910991549491882,0.8510357268160693,0.26690834760665894,1,red
22,random_ablation_0,1,red,0,0.43093955516815186,0.3057931959629059,-0.12514635920524597,0.9495559372304735,0.0903833657503128,1,red
22,random_ablation_1,1,red,0,0.4016222357749939,0.30145391821861267,-0.10016831755638123,0.9378318728470881,0.1113903596997261,1,red
22,random_ablation_2,1,red,0,0.3982263505458832,0.300364226102829,-0.0978621244430542,0.9390981093245255,0.1091216579079628,1,red
22,random_ablation_3,1,red,0,0.4342947006225586,0.3669459819793701,-0.06734871864318848,0.9015500594798924,0.17639875411987305,1,red
22,random_ablation_4,1,red,0,0.4260275065898895,0.29545024037361145,-0.13057726621627808,0.9345201774445595,0.1173241138458252,1,red
23,full,2,white,1,0.15337727963924408,0.21909062564373016,0.06571334600448608,0.9259743453293113,0.1326359063386917,0,yellow
23,induction_ablation,2,white,1,0.12685516476631165,0.14163802564144135,0.0147828608751297,0.9423238454201579,0.10334170609712601,0,yellow
23,random_ablation_0,2,white,1,0.1280791461467743,0.20208825170993805,0.07400910556316376,0.9293489134447014,0.12658986449241638,0,yellow
23,random_ablation_1,2,white,1,0.1499931961297989,0.1890212446451187,0.039028048515319824,0.9274091072900058,0.13006550073623657,0,yellow
23,random_ablation_2,2,white,1,0.15709754824638367,0.23532211780548096,0.07822456955909729,0.9433815706995978,0.10144668817520142,0,yellow
23,random_ablation_3,2,white,1,0.14075849950313568,0.19306141138076782,0.05230291187763214,0.9000694569909846,0.17905159294605255,0,yellow
23,random_ablation_4,2,white,1,0.1544550210237503,0.1869344413280487,0.0324794203042984,0.9055260100836997,0.16927470266819,0,yellow
24,full,0,green,4,0.10800826549530029,0.19017921388149261,0.08217094838619232,0.8913078616928692,0.19475026428699493,0,blue
24,induction_ablation,0,green,4,0.10340174287557602,0.15419450402259827,0.05079276114702225,0.8357509378616471,0.29429489374160767,0,blue
24,random_ablation_0,0,green,4,0.10445952415466309,0.14302308857440948,0.0385635644197464,0.8671649395500015,0.23800837993621826,0,blue
24,random_ablation_1,0,green,4,0.10780724883079529,0.19510622322559357,0.08729897439479828,0.8631597814108015,0.24518480896949768,0,blue
24,random_ablation_2,0,green,4,0.10951386392116547,0.18159978091716766,0.0720859169960022,0.8956579215711947,0.18695572018623352,0,blue
24,random_ablation_3,0,green,4,0.10988656431436539,0.2049269676208496,0.09504040330648422,0.861830273028675,0.24756723642349243,0,blue
24,random_ablation_4,0,green,4,0.0955234169960022,0.18437936902046204,0.08885595202445984,0.8859087256913705,0.2044241726398468,0,blue
25,full,1,white,0,0.5168652534484863,0.40776756405830383,-0.1090976893901825,0.8378663884205269,0.29050469398498535,1,white
25,induction_ablation,1,white,0,0.5836042761802673,0.5622422099113464,-0.0213620662689209,0.7174092564350495,0.5063347816467285,1,white
25,random_ablation_0,1,white,0,0.5172187685966492,0.3653244078159332,-0.15189436078071594,0.8804068643262124,0.21428216993808746,1,white
25,random_ablation_1,1,white,0,0.538501501083374,0.4392451345920563,-0.09925636649131775,0.8139612515430208,0.33333662152290344,1,white
25,random_ablation_2,1,white,0,0.5239012241363525,0.4249599277973175,-0.09894129633903503,0.8334443409492744,0.2984277904033661,1,white
25,random_ablation_3,1,white,0,0.5408294200897217,0.4664459228515625,-0.07438349723815918,0.8042600252144908,0.3507191240787506,1,white
25,random_ablation_4,1,white,0,0.5153570771217346,0.38564354181289673,-0.1297135353088379,0.8438231288733393,0.2798314392566681,1,white
26,full,2,green,3,0.1206246018409729,0.18106983602046967,0.060445234179496765,0.7201138475996307,0.5014887452125549,0,red
26,induction_ablation,2,green,3,0.13114877045154572,0.14275625348091125,0.01160748302936554,0.8400617438769162,0.28657087683677673,0,red
26,random_ablation_0,2,green,3,0.10895722359418869,0.18414899706840515,0.07519177347421646,0.7413664213140981,0.4634094536304474,0,red
26,random_ablation_1,2,green,3,0.12218082696199417,0.1941104680299759,0.07192964106798172,0.7157842130364888,0.5092462301254272,0,red
26,random_ablation_2,2,green,3,0.11954568326473236,0.18092592060565948,0.061380237340927124,0.7291725081495198,0.48525774478912354,0,red
26,random_ablation_3,2,green,3,0.11854129284620285,0.19066222012043,0.07212092727422714,0.669891789885649,0.5914744138717651,0,red
26,random_ablation_4,2,green,3,0.10734398663043976,0.1465941220521927,0.03925013542175293,0.6390073826886987,0.6468119621276855,0,red
27,full,0,red,4,0.15016469359397888,0.21494099497795105,0.06477630138397217,0.8765604514704911,0.22117382287979126,0,blue
27,induction_ablation,0,red,4,0.1457599401473999,0.20133806765079498,0.05557812750339508,0.8094634906884495,0.341395765542984,0,blue
27,random_ablation_0,0,red,4,0.16682448983192444,0.19382187724113464,0.026997387409210205,0.8540372501684816,0.2615300118923187,0,blue
27,random_ablation_1,0,red,4,0.12759128212928772,0.1957777887582779,0.06818650662899017,0.8550996992178825,0.2596265375614166,0,blue
27,random_ablation_2,0,red,4,0.15153568983078003,0.20318596065044403,0.051650270819664,0.8838643312778197,0.20808741450309753,0,blue
27,random_ablation_3,0,red,4,0.14776650071144104,0.2201017141342163,0.07233521342277527,0.8530567685077001,0.2632867991924286,0,blue
27,random_ablation_4,0,red,4,0.15153802931308746,0.22360125184059143,0.07206322252750397,0.8665213757917916,0.23916175961494446,0,blue
28,full,1,black,0,0.4719233214855194,0.3590450882911682,-0.1128782331943512,0.9023676043430046,0.17493392527103424,1,black
28,induction_ablation,1,black,0,0.6267001032829285,0.5555726289749146,-0.07112747430801392,0.7479894129273277,0.45154234766960144,1,black
28,random_ablation_0,1,black,0,0.49019742012023926,0.30415892601013184,-0.18603849411010742,0.9295139127334805,0.12629415094852448,1,black
28,random_ablation_1,1,black,0,0.499023973941803,0.37076854705810547,-0.1282554268836975,0.8877197259496642,0.20117920637130737,1,black
28,random_ablation_2,1,black,0,0.44807082414627075,0.3563680648803711,-0.09170275926589966,0.9034524081347562,0.17298978567123413,1,black
28,random_ablation_3,1,black,0,0.49048277735710144,0.4552447199821472,-0.035238057374954224,0.849158992970149,0.27027085423469543,1,black
28,random_ablation_4,1,black,0,0.49967679381370544,0.35476964712142944,-0.144907146692276,0.9107384573737813,0.15993507206439972,1,black
29,full,2,red,1,0.16961511969566345,0.30736178159713745,0.137746661901474,0.8759782967217743,0.2222171276807785,0,blue
29,induction_ablation,2,red,1,0.14541538059711456,0.17164121568202972,0.02622583508491516,0.9022847720387586,0.17508232593536377,0,blue
29,random_ablation_0,2,red,1,0.1792047917842865,0.2475714385509491,0.0683666467666626,0.851119690163827,0.26675766706466675,0,blue
29,random_ablation_1,2,red,1,0.14692582190036774,0.2822587490081787,0.13533292710781097,0.8658110139344145,0.24043448269367218,0,blue
29,random_ablation_2,2,red,1,0.17260149121284485,0.30793964862823486,0.13533815741539001,0.8779015364156206,0.2187711000442505,0,blue
29,random_ablation_3,2,red,1,0.15983666479587555,0.3083578944206238,0.14852122962474823,0.8499781346005719,0.26880306005477905,0,blue
29,random_ablation_4,2,red,1,0.17216385900974274,0.33044418692588806,0.15828032791614532,0.8369739285577513,0.29210364818573,0,blue
30,full,0,green,1,0.18243081867694855,0.24066925048828125,0.0582384318113327,0.9257796062493692,0.13298502564430237,0,yellow
30,induction_ablation,0,green,1,0.17911256849765778,0.21077506244182587,0.03166249394416809,0.9433770465255507,0.1014547348022461,0,yellow
30,random_ablation_0,0,green,1,0.17561079561710358,0.20182251930236816,0.026211723685264587,0.9188367289182161,0.14542506635189056,0,yellow
30,random_ablation_1,0,green,1,0.1855507344007492,0.25072595477104187,0.06517522037029266,0.9081900167457988,0.16450142860412598,0,yellow
30,random_ablation_2,0,green,1,0.17253708839416504,0.2212512195110321,0.048714131116867065,0.9289014859378305,0.127391517162323,0,yellow
30,random_ablation_3,0,green,1,0.18777918815612793,0.24959538877010345,0.061816200613975525,0.8937157867975043,0.19043608009815216,0,yellow
30,random_ablation_4,0,green,1,0.1767037808895111,0.24307681620121002,0.06637303531169891,0.9249973898630076,0.13438676297664642,0,yellow
31,full,1,white,1,0.10071621835231781,0.22175998985767365,0.12104377150535583,0.9724984230155015,0.0492764487862587,0,green
31,induction_ablation,1,white,1,0.061697956174612045,0.1462676078081131,0.08456964790821075,0.9149633706141256,0.15236519277095795,0,green
31,random_ablation_0,1,white,1,0.08628594875335693,0.21734485030174255,0.13105890154838562,0.9875989184094728,0.022219814360141754,1,white
31,random_ablation_1,1,white,1,0.09356828033924103,0.2325461357831955,0.13897785544395447,0.9544616056009743,0.08159392327070236,0,green
31,random_ablation_2,1,white,1,0.12088843435049057,0.24202761054039001,0.12113917618989944,0.9712966560182363,0.051429592072963715,1,white
31,random_ablation_3,1,white,1,0.09422895312309265,0.236979678273201,0.14275072515010834,0.9530371560958284,0.08414600789546967,0,green
31,random_ablation_4,1,white,1,0.09405916184186935,0.21361319720745087,0.11955403536558151,0.9610158031558983,0.06985026597976685,0,green
32,full,2,red,5,0.11736681312322617,0.1516941487789154,0.03432733565568924,0.6719017207380756,0.5878732800483704,0,green
32,induction_ablation,2,red,5,0.10251278430223465,0.11393105238676071,0.011418268084526062,0.7384551818467153,0.4686255156993866,0,green
32,random_ablation_0,2,red,5,0.12693780660629272,0.10696344822645187,-0.01997435837984085,0.602374879300876,0.7124487161636353,0,green
32,random_ablation_1,2,red,5,0.09751328080892563,0.13334813714027405,0.03583485633134842,0.6314583325671961,0.6603378653526306,0,green
32,random_ablation_2,2,red,5,0.12169796973466873,0.14524930715560913,0.0235513374209404,0.6844740012233341,0.5653466582298279,0,green
32,random_ablation_3,2,red,5,0.10821991413831711,0.13727141916751862,0.029051505029201508,0.5875853543406764,0.7389476895332336,0,green
32,random_ablation_4,2,red,5,0.11914466321468353,0.16349999606609344,0.04435533285140991,0.6561283209865592,0.6161354184150696,0,green
33,full,0,black,0,0.4891791343688965,0.5946780443191528,0.10549890995025635,0.6616104223562465,0.6063127517700195,1,black
33,induction_ablation,0,black,0,0.6030803918838501,0.6157674193382263,0.01268702745437622,0.649206866950159,0.6285370588302612,1,black
33,random_ablation_0,0,black,0,0.510450541973114,0.5636923313140869,0.0532417893409729,0.699857856282995,0.5377824306488037,1,black
33,random_ablation_1,0,black,0,0.509856641292572,0.609645664691925,0.09978902339935303,0.6425595911674115,0.6404474377632141,1,black
33,random_ablation_2,0,black,0,0.4673008322715759,0.5663516521453857,0.09905081987380981,0.6949177908833416,0.5466338992118835,1,black
33,random_ablation_3,0,black,0,0.5093362927436829,0.6408030390739441,0.13146674633026123,0.6131756795187822,0.6930959224700928,1,black
33,random_ablation_4,0,black,0,0.5128020644187927,0.5949891209602356,0.08218705654144287,0.6596586404467202,0.609809935092926,1,black
34,full,1,black,5,0.19307011365890503,0.23944976925849915,0.046379655599594116,0.8085200008037006,0.3430861234664917,0,white
34,induction_ablation,1,black,5,0.2135973423719406,0.22216826677322388,0.008570924401283264,0.7161707637896366,0.5085538625717163,0,white
34,random_ablation_0,1,black,5,0.1910688430070877,0.21606884896755219,0.025000005960464478,0.862930046513965,0.24559670686721802,0,white
34,random_ablation_1,1,black,5,0.19230152666568756,0.23586352169513702,0.04356199502944946,0.7790883191996909,0.39582082629203796,0,white
34,random_ablation_2,1,black,5,0.18161125481128693,0.22259561717510223,0.04098436236381531,0.8151173110760154,0.331265389919281,0,white
34,random_ablation_3,1,black,5,0.20016629993915558,0.25136885046958923,0.051202550530433655,0.7878032755859378,0.380205363035202,0,white
34,random_ablation_4,1,black,5,0.20994283258914948,0.24362383782863617,0.033681005239486694,0.8150861075814841,0.33132126927375793,0,white
35,full,2,white,3,0.10617700964212418,0.18996405601501465,0.08378704637289047,0.9356590717289633,0.1152835488319397,0,blue
35,induction_ablation,2,white,3,0.07335302233695984,0.1202494204044342,0.046896398067474365,0.9003894092408794,0.1784781515598297,0,blue
35,random_ablation_0,2,white,3,0.09604549407958984,0.15983723104000092,0.06379173696041107,0.9103151809724858,0.16069382429122925,0,blue
35,random_ablation_1,2,white,3,0.101986825466156,0.16258636116981506,0.06059953570365906,0.9209655524033236,0.1416107714176178,0,blue
35,random_ablation_2,2,white,3,0.10720759630203247,0.19055454432964325,0.08334694802761078,0.937229093187274,0.11247026920318604,0,blue
35,random_ablation_3,2,white,3,0.11042588949203491,0.18575917184352875,0.07533328235149384,0.919794390112848,0.14370903372764587,0,blue
35,random_ablation_4,2,white,3,0.10280013829469681,0.15577401220798492,0.052973873913288116,0.9076980793501404,0.16538283228874207,0,blue
36,full,0,green,0,0.46894577145576477,0.5590153932571411,0.09006962180137634,0.7623247906515569,0.42585691809654236,1,green
36,induction_ablation,0,green,0,0.6141014099121094,0.605372965335846,-0.008728444576263428,0.7051657769518663,0.5282720923423767,1,green
36,random_ablation_0,0,green,0,0.4643474221229553,0.5172191858291626,0.052871763706207275,0.7917327868737902,0.3731648623943329,1,green
36,random_ablation_1,0,green,0,0.5069358348846436,0.595588207244873,0.08865237236022949,0.7233715855734497,0.49565160274505615,1,green
36,random_ablation_2,0,green,0,0.42306551337242126,0.5173566937446594,0.09429118037223816,0.8021649334388233,0.35447296500205994,1,green
36,random_ablation_3,0,green,0,0.5142564177513123,0.6044349670410156,0.09017854928970337,0.7164517948363315,0.508050262928009,1,green
36,random_ablation_4,0,green,0,0.48708420991897583,0.5749326348304749,0.08784842491149902,0.7421300087485007,0.4620409309864044,1,green
37,full,1,white,5,0.12252390384674072,0.2098604440689087,0.08733654022216797,0.9199595224655697,0.14341327548027039,0,blue
37,induction_ablation,1,white,5,0.07962696999311447,0.12744522094726562,0.047818250954151154,0.8103272752716025,0.3398478627204895,0,blue
37,random_ablation_0,1,white,5,0.11376244574785233,0.2128889262676239,0.09912648051977158,0.9217141701441877,0.1402694582939148,0,blue
37,random_ablation_1,1,white,5,0.11806131899356842,0.22168417274951935,0.10362285375595093,0.9111777014481846,0.1591481864452362,0,blue
37,random_ablation_2,1,white,5,0.12330906093120575,0.20553076267242432,0.08222170174121857,0.9182958239916942,0.14639417827129364,0,blue
37,random_ablation_3,1,white,5,0.12707117199897766,0.2176802158355713,0.09060904383659363,0.8940977468446337,0.18975162506103516,0,blue
37,random_ablation_4,1,white,5,0.12072388082742691,0.20093576610088348,0.08021188527345657,0.9114157528414313,0.15872159600257874,0,blue
38,full,2,yellow,4,0.04309641569852829,0.07365141808986664,0.03055500239133835,0.7615498262500652,0.42724549770355225,0,white
38,induction_ablation,2,yellow,4,0.021303828805685043,0.032966770231723785,0.011662941426038742,0.6956048000187987,0.545403003692627,0,white
38,random_ablation_0,2,yellow,4,0.04402991384267807,0.055527087301015854,0.011497173458337784,0.6766092568980989,0.5794385671615601,0,white
38,random_ablation_1,2,yellow,4,0.04166630282998085,0.0713946595788002,0.02972835674881935,0.7674729680573802,0.4166327118873596,0,white
38,random_ablation_2,2,yellow,4,0.043258655816316605,0.07047447562217712,0.02721581980586052,0.7620734328640538,0.42630714178085327,0,white
38,random_ablation_3,2,yellow,4,0.04055502265691757,0.08030607551336288,0.03975105285644531,0.7777910122916648,0.3981451392173767,0,white
38,random_ablation_4,2,yellow,4,0.03908657655119896,0.0705024003982544,0.031415823847055435,0.7716701374656999,0.40911197662353516,0,white
39,full,0,blue,5,0.10288134962320328,0.183798685669899,0.08091733604669571,0.9005337836185612,0.17821963131427765,0,black
39,induction_ablation,0,blue,5,0.08315028995275497,0.18199314177036285,0.09884285181760788,0.8505908940560784,0.26770520210266113,0,black
39,random_ablation_0,0,blue,5,0.10836934298276901,0.1556050330400467,0.04723569005727768,0.8658431488765437,0.24037672579288483,0,black
39,random_ablation_1,0,blue,5,0.09919342398643494,0.19000861048698425,0.09081518650054932,0.883092427347007,0.20947034657001495,0,black
39,random_ablation_2,0,blue,5,0.11061818897724152,0.19065558910369873,0.08003740012645721,0.9143801513538683,0.15341034531593323,0,black
39,random_ablation_3,0,blue,5,0.09589098393917084,0.19462819397449493,0.0987372100353241,0.8760942619477187,0.22200919687747955,0,black
39,random_ablation_4,0,blue,5,0.09321784973144531,0.19036228954792023,0.09714443981647491,0.8933058833224364,0.1911700963973999,0,black
40,full,1,black,5,0.08737706393003464,0.17975148558616638,0.09237442165613174,0.9523663142293929,0.08534819632768631,0,red
40,induction_ablation,1,black,5,0.07315857708454132,0.14073316752910614,0.06757459044456482,0.8944658017097653,0.18909192085266113,0,red
40,random_ablation_0,1,black,5,0.07610645890235901,0.11515624076128006,0.03904978185892105,0.9090355715688208,0.16298653185367584,0,red
40,random_ablation_1,1,black,5,0.08088672906160355,0.17976778745651245,0.0988810583949089,0.9500953784536272,0.08941704034805298,0,red
40,random_ablation_2,1,black,5,0.08673495799303055,0.16344034671783447,0.07670538872480392,0.9483827124488882,0.09248583018779755,0,red
40,random_ablation_3,1,black,5,0.0841047391295433,0.178646981716156,0.0945422425866127,0.9319759948627391,0.12188281863927841,0,red
40,random_ablation_4,1,black,5,0.08710695058107376,0.18550699949264526,0.0984000489115715,0.9478156604576524,0.09350181370973587,0,red
41,full,2,yellow,2,0.07994452118873596,0.08996982127428055,0.010025300085544586,0.6794767848603495,0.5743005871772766,0,red
41,induction_ablation,2,yellow,2,0.048343971371650696,0.0587109811604023,0.010367009788751602,0.8157156996257249,0.33019310235977173,0,red
41,random_ablation_0,2,yellow,2,0.08014199137687683,0.08255793154239655,0.0024159401655197144,0.7098530873926198,0.5198733806610107,0,red
41,random_ablation_1,2,yellow,2,0.08261590451002121,0.08673630654811859,0.004120402038097382,0.6765610212189195,0.5795248746871948,0,red
41,random_ablation_2,2,yellow,2,0.08164779841899872,0.08731473982334137,0.005666941404342651,0.6883912040964995,0.5583282709121704,0,red
41,random_ablation_3,2,yellow,2,0.07126694172620773,0.08285592496395111,0.011588983237743378,0.6264744225984679,0.6692681908607483,0,red
41,random_ablation_4,2,yellow,2,0.07521335780620575,0.0715903639793396,-0.00362299382686615,0.5791480358705889,0.7540656328201294,0,red
42,full,0,red,0,0.41247618198394775,0.45754480361938477,0.04506862163543701,0.8451059983435972,0.2775328457355499,1,red
42,induction_ablation,0,red,0,0.4716913402080536,0.4614432752132416,-0.010248064994812012,0.8316826408817005,0.3015839755535126,1,red
42,random_ablation_0,0,red,0,0.44854116439819336,0.4654211401939392,0.01687997579574585,0.8285503822057192,0.3071965277194977,1,red
42,random_ablation_1,0,red,0,0.4075111448764801,0.4570823907852173,0.04957124590873718,0.8397395960719692,0.287148118019104,1,red
42,random_ablation_2,0,red,0,0.4054948091506958,0.4323135018348694,0.026818692684173584,0.8638345486635427,0.24397578835487366,1,red
42,random_ablation_3,0,red,0,0.44518402218818665,0.49173834919929504,0.0465543270111084,0.817364428406062,0.3272387981414795,1,red
42,random_ablation_4,0,red,0,0.43107685446739197,0.48272162675857544,0.05164477229118347,0.8203792581527308,0.32183709740638733,1,red
43,full,1,blue,4,0.18277029693126678,0.2046431601047516,0.021872863173484802,0.9180035490418527,0.14691771566867828,0,red
43,induction_ablation,1,blue,4,0.2081558257341385,0.2141747623682022,0.006018936634063721,0.8238776422666765,0.315568745136261,0,red
43,random_ablation_0,1,blue,4,0.2030358910560608,0.14496590197086334,-0.05806998908519745,0.8925068343473406,0.19260188937187195,0,red
43,random_ablation_1,1,blue,4,0.19006165862083435,0.20754384994506836,0.01748219132423401,0.9133911536007626,0.15518221259117126,0,red
43,random_ablation_2,1,blue,4,0.1894683539867401,0.20353277027606964,0.014064416289329529,0.9084058464606374,0.1641145646572113,0,red
43,random_ablation_3,1,blue,4,0.17091315984725952,0.2126801460981369,0.04176698625087738,0.8763047025728834,0.2216322422027588,0,red
43,random_ablation_4,1,blue,4,0.1764248162508011,0.22672812640666962,0.05030331015586853,0.9125443346702864,0.15669964253902435,0,red
44,full,2,green,0,0.4777721166610718,0.6932373642921448,0.215465247631073,0.6048201288414002,0.7080674171447754,1,green
44,induction_ablation,2,green,0,0.5907315015792847,0.5676313638687134,-0.02310013771057129,0.7632314883561868,0.42423224449157715,1,green
44,random_ablation_0,2,green,0,0.48461461067199707,0.7244639992713928,0.23984938859939575,0.5649368733367431,0.7795285582542419,1,green
44,random_ablation_1,2,green,0,0.5165952444076538,0.7164409756660461,0.19984573125839233,0.5735045279385718,0.7641773223876953,1,green
44,random_ablation_2,2,green,0,0.4357450306415558,0.6771661043167114,0.24142107367515564,0.6293549242951184,0.6641069054603577,1,green
44,random_ablation_3,2,green,0,0.523032009601593,0.7421608567237854,0.21912884712219238,0.5337221349023781,0.8354576826095581,1,green
44,random_ablation_4,2,green,0,0.4945056438446045,0.6958072781562805,0.20130163431167603,0.595102069924136,0.7254797220230103,1,green
45,full,0,black,4,0.0875834971666336,0.19921918213367462,0.11163568496704102,0.9483877688787056,0.09247659146785736,0,red
45,induction_ablation,0,black,4,0.06990575790405273,0.14464879035949707,0.07474303245544434,0.913866790663457,0.1543300747871399,0,red
45,random_ablation_0,0,black,4,0.07398362457752228,0.1374034881591797,0.06341986358165741,0.9264235026674356,0.1318315863609314,0,red
45,random_ablation_1,0,black,4,0.08205762505531311,0.20065119862556458,0.11859357357025146,0.9502654341722238,0.08911235630512238,0,red
45,random_ablation_2,0,black,4,0.08664480596780777,0.18676036596298218,0.10011555999517441,0.9559971634981609,0.07884232699871063,0,red
45,random_ablation_3,0,black,4,0.08188357204198837,0.22064967453479767,0.1387661099433899,0.9342338903721334,0.11783692240715027,0,red
45,random_ablation_4,0,black,4,0.08751294761896133,0.20579759776592255,0.11828465014696121,0.9391182019798527,0.10908558964729309,0,red
46,full,1,green,3,0.1168566346168518,0.11649582535028458,-0.0003608092665672302,0.9106793104513117,0.16004133224487305,0,blue
46,induction_ablation,1,green,3,0.11059409379959106,0.11977363377809525,0.009179539978504181,0.7878185114073613,0.38017818331718445,0,blue
46,random_ablation_0,1,green,3,0.10835029929876328,0.05565972626209259,-0.052690573036670685,0.9356556120664566,0.11528974026441574,0,blue
46,random_ablation_1,1,green,3,0.11488646268844604,0.12764203548431396,0.01275557279586792,0.9056546829161589,0.1690441370010376,0,blue
46,random_ablation_2,1,green,3,0.11887940764427185,0.111307293176651,-0.00757211446762085,0.9004900055814576,0.17829789221286774,0,blue
46,random_ablation_3,1,green,3,0.12024011462926865,0.120618537068367,0.00037842243909835815,0.8535558248242857,0.26239269971847534,0,blue
46,random_ablation_4,1,green,3,0.10492274910211563,0.13435551524162292,0.029432766139507294,0.8923568712840712,0.19287067651748657,0,blue
47,full,2,green,5,0.04097248613834381,0.11611416190862656,0.07514167577028275,0.8559236976822091,0.2581501007080078,0,black
47,induction_ablation,2,green,5,0.03951043263077736,0.06707505136728287,0.02756461873650551,0.7646430306589039,0.42170286178588867,0,black
47,random_ablation_0,2,green,5,0.036119215190410614,0.07472370564937592,0.0386044904589653,0.7410261768129623,0.46401873230934143,0,black
47,random_ablation_1,2,green,5,0.03812626376748085,0.11649798601865768,0.07837171852588654,0.8426872285276432,0.2818666398525238,0,black
47,random_ablation_2,2,green,5,0.04399179667234421,0.11968963593244553,0.07569783926010132,0.8533551643988995,0.2627524733543396,0,black
47,random_ablation_3,2,green,5,0.044024039059877396,0.14601880311965942,0.10199476778507233,0.8707566014876844,0.23157311975955963,0,black
47,random_ablation_4,2,green,5,0.03448612242937088,0.11135484278202057,0.07686872035264969,0.8620448386360592,0.24718230962753296,0,black
48,full,0,white,2,0.2284097522497177,0.348307728767395,0.11989797651767731,0.7514956478138847,0.44525986909866333,0,black
48,induction_ablation,0,white,2,0.1658002734184265,0.2462279051542282,0.0804276317358017,0.7140964299890091,0.5122706890106201,0,black
48,random_ablation_0,0,white,2,0.21489931643009186,0.28625908493995667,0.07135976850986481,0.7499870353650672,0.4479631185531616,0,black
48,random_ablation_1,0,white,2,0.22873932123184204,0.35216736793518066,0.12342804670333862,0.7279656847224373,0.48742011189460754,0,black
48,random_ablation_2,0,white,2,0.2304431051015854,0.3425399959087372,0.1120968908071518,0.7827958132993756,0.38917794823646545,0,black
48,random_ablation_3,0,white,2,0.2302180379629135,0.3566819131374359,0.1264638751745224,0.7276150612337815,0.4880484640598297,0,black
48,random_ablation_4,0,white,2,0.22884444892406464,0.35613173246383667,0.12728728353977203,0.7438158623688131,0.4590205252170563,0,black
49,full,1,green,2,0.11555153876543045,0.11490137875080109,-0.000650160014629364,0.8991129268398645,0.18076521158218384,0,blue
49,induction_ablation,1,green,2,0.10407982021570206,0.1158546581864357,0.011774837970733643,0.7664602183905269,0.41844722628593445,0,blue
49,random_ablation_0,1,green,2,0.10772242397069931,0.05546073615550995,-0.05226168781518936,0.9282084223929867,0.1286333054304123,0,blue
49,random_ablation_1,1,green,2,0.1139000803232193,0.1254986822605133,0.011598601937294006,0.8921882127368715,0.19317269325256348,0,blue
49,random_ablation_2,1,green,2,0.11809562146663666,0.11151416599750519,-0.00658145546913147,0.8895838187210409,0.19783928990364075,0,blue
49,random_ablation_3,1,green,2,0.11765601485967636,0.12080477923154831,0.0031487643718719482,0.835138244938112,0.29539257287979126,0,blue
49,random_ablation_4,1,green,2,0.1039915382862091,0.1334516406059265,0.029460102319717407,0.8796472022781155,0.21564307808876038,0,blue
50,full,2,yellow,1,0.09037967771291733,0.12652277946472168,0.03614310175180435,0.9084365842313696,0.1640595942735672,0,blue
50,induction_ablation,2,yellow,1,0.054044995456933975,0.0704951286315918,0.01645013317465782,0.9040809356674565,0.17186392843723297,0,blue
50,random_ablation_0,2,yellow,1,0.09134473651647568,0.10693875700235367,0.01559402048587799,0.8697731924201665,0.23333509266376495,0,blue
50,random_ablation_1,2,yellow,1,0.08753396570682526,0.11776553839445114,0.030231572687625885,0.8910970218758768,0.19512809813022614,0,blue
50,random_ablation_2,2,yellow,1,0.09355837851762772,0.12279058247804642,0.0292322039604187,0.9120640403696022,0.15756024420261383,0,blue
50,random_ablation_3,2,yellow,1,0.08308536559343338,0.12652680277824402,0.04344143718481064,0.8889681318587981,0.198942631483078,0,blue
50,random_ablation_4,2,yellow,1,0.08338785171508789,0.1141042485833168,0.030716396868228912,0.876075433399846,0.2220432460308075,0,blue
51,full,0,white,3,0.10239559412002563,0.23155267536640167,0.12915708124637604,0.932672185410233,0.1206352710723877,0,red
51,induction_ablation,0,white,3,0.07129792869091034,0.14071834087371826,0.06942041218280792,0.8817484815271123,0.21187832951545715,0,red
51,random_ablation_0,0,white,3,0.0856495201587677,0.15330667793750763,0.06765715777873993,0.9113266665318848,0.158881276845932,0,red
51,random_ablation_1,0,white,3,0.09588111937046051,0.22908911108970642,0.1332079917192459,0.9360813501506896,0.11452671885490417,0,red
51,random_ablation_2,0,white,3,0.1050378829240799,0.22581987082958221,0.12078198790550232,0.9406951427631767,0.10626013576984406,0,red
51,random_ablation_3,0,white,3,0.10584161430597305,0.2591286599636078,0.15328705310821533,0.9161769137703077,0.1501908004283905,0,red
51,random_ablation_4,0,white,3,0.0995883047580719,0.23684297502040863,0.13725467026233673,0.9201378281486052,0.14309383928775787,0,red
52,full,1,red,3,0.12048914283514023,0.1421644538640976,0.021675311028957367,0.9182909006258193,0.1464032381772995,0,green
52,induction_ablation,1,red,3,0.1043170914053917,0.12942245602607727,0.025105364620685577,0.8187609344832695,0.32473695278167725,0,green
52,random_ablation_0,1,red,3,0.12661303579807281,0.1518324762582779,0.025219440460205078,0.9619775228007784,0.06812716275453568,0,green
52,random_ablation_1,1,red,3,0.10118278115987778,0.1374955028295517,0.03631272166967392,0.8931746822750685,0.19140520691871643,0,green
52,random_ablation_2,1,red,3,0.12644919753074646,0.14305154979228973,0.016602352261543274,0.9273051843508635,0.1302514374256134,0,green
52,random_ablation_3,1,red,3,0.10954273492097855,0.1551450788974762,0.04560234397649765,0.8683081584125386,0.23596012592315674,0,green
52,random_ablation_4,1,red,3,0.12198840081691742,0.141695037484169,0.019706636667251587,0.8927792162377688,0.1921137273311615,0,green
53,full,2,white,0,0.5076764225959778,0.6284955739974976,0.12081915140151978,0.6542533835038635,0.6194944977760315,1,white
53,induction_ablation,2,white,0,0.5666905641555786,0.5618305802345276,-0.004859983921051025,0.6889541311055157,0.5573192834854126,1,white
53,random_ablation_0,2,white,0,0.5102658271789551,0.6809383034706116,0.1706724762916565,0.5859551879803269,0.741868793964386,1,white
53,random_ablation_1,2,white,0,0.5315278172492981,0.6139675974845886,0.08243978023529053,0.6726108184879983,0.5866026878356934,1,white
53,random_ablation_2,2,white,0,0.5162558555603027,0.6246634721755981,0.10840761661529541,0.659861097235331,0.6094469428062439,1,white
53,random_ablation_3,2,white,0,0.525122344493866,0.6221839189529419,0.09706157445907593,0.6651014879533511,0.6000574827194214,1,white
53,random_ablation_4,2,white,0,0.506679892539978,0.615059494972229,0.10837960243225098,0.6661555539743704,0.5981689095497131,1,white
54,full,0,black,5,0.08656922727823257,0.22268155217170715,0.13611233234405518,0.9695158612749045,0.05462023988366127,1,black
54,induction_ablation,0,black,5,0.07764818519353867,0.19923503696918488,0.12158685177564621,0.9880309770309775,0.021445617079734802,1,black
54,random_ablation_0,0,black,5,0.07836563885211945,0.16117002069950104,0.08280438184738159,0.9772605153919759,0.04074379801750183,0,yellow
54,random_ablation_1,0,black,5,0.08244331181049347,0.21985109150409698,0.13740777969360352,0.964734141966902,0.06318797171115875,0,yellow
54,random_ablation_2,0,black,5,0.08774705976247787,0.21009638905525208,0.1223493292927742,0.9716971119533822,0.0507119745016098,0,yellow
54,random_ablation_3,0,black,5,0.08400898426771164,0.22681595385074615,0.1428069770336151,0.954423083589602,0.08166281878948212,0,yellow
54,random_ablation_4,0,black,5,0.08841167390346527,0.2238207459449768,0.13540907204151154,0.9667300345733881,0.05961202085018158,1,black
55,full,1,black,1,0.1087997555732727,0.25713205337524414,0.14833229780197144,0.9521963250427675,0.0856526643037796,0,green
55,induction_ablation,1,black,1,0.06790218502283096,0.21126672625541687,0.1433645486831665,0.8946123051105281,0.1888294517993927,0,green
55,random_ablation_0,1,black,1,0.10774420201778412,0.26118892431259155,0.15344472229480743,0.9713824157292187,0.051275819540023804,1,black
55,random_ablation_1,1,black,1,0.0974266454577446,0.2610635757446289,0.1636369228363037,0.934966340843976,0.11652451753616333,0,green
55,random_ablation_2,1,black,1,0.1276039481163025,0.26595962047576904,0.13835567235946655,0.947835886176922,0.09346567839384079,1,black
55,random_ablation_3,1,black,1,0.0992855355143547,0.28643032908439636,0.18714478611946106,0.9233541167043157,0.1373310685157776,0,green
55,random_ablation_4,1,black,1,0.11014153063297272,0.2626090943813324,0.15246756374835968,0.9340738144492291,0.11812383681535721,0,green
56,full,2,green,1,0.18309348821640015,0.28989410400390625,0.1068006157875061,0.8740417506336716,0.22568674385547638,0,yellow
56,induction_ablation,2,green,1,0.18153458833694458,0.18450908362865448,0.0029744952917099,0.9092524657951998,0.16259774565696716,0,yellow
56,random_ablation_0,2,green,1,0.1726522296667099,0.3048374056816101,0.1321851760149002,0.8639298224464184,0.24380511045455933,0,yellow
56,random_ablation_1,2,green,1,0.1855006366968155,0.3045486807823181,0.11904804408550262,0.8638116616654217,0.24401667714118958,0,yellow
56,random_ablation_2,2,green,1,0.1741984337568283,0.30058714747428894,0.12638871371746063,0.894076323549881,0.1897898018360138,0,yellow
56,random_ablation_3,2,green,1,0.18882769346237183,0.30282828211784363,0.1140005886554718,0.8377081088608472,0.2907879054546356,0,yellow
56,random_ablation_4,2,green,1,0.17767216265201569,0.2710132896900177,0.09334112703800201,0.8568380465635365,0.2565116584300995,0,yellow
57,full,0,white,3,0.07514297962188721,0.20930837094783783,0.13416539132595062,0.9361113560697378,0.11447295546531677,0,green
57,induction_ablation,0,white,3,0.04081996530294418,0.1420944184064865,0.10127445310354233,0.8879953679066852,0.20068517327308655,0,green
57,random_ablation_0,0,white,3,0.06864488869905472,0.1479627639055252,0.07931787520647049,0.9315977606060014,0.12256044894456863,0,green
57,random_ablation_1,0,white,3,0.06823775917291641,0.20663809776306152,0.1384003460407257,0.918961542896341,0.14520145952701569,0,green
57,random_ablation_2,0,white,3,0.08574997633695602,0.21199387311935425,0.12624388933181763,0.949781214485234,0.08998006582260132,0,green
57,random_ablation_3,0,white,3,0.07191027700901031,0.22500990331172943,0.15309962630271912,0.9215031972632527,0.14064717292785645,0,green
57,random_ablation_4,0,white,3,0.07005041092634201,0.20679424703121185,0.13674384355545044,0.9332539409671221,0.11959270387887955,0,green
58,full,1,green,3,0.043500158935785294,0.08053617924451828,0.037036020308732986,0.9101213733401415,0.16104097664356232,0,black
58,induction_ablation,1,green,3,0.0396166667342186,0.06204903870820999,0.022432371973991394,0.7935412589171753,0.36992478370666504,0,black
58,random_ablation_0,1,green,3,0.038844287395477295,0.029850712046027184,-0.008993575349450111,0.8477662126833334,0.2727663516998291,0,black
58,random_ablation_1,1,green,3,0.04055039957165718,0.08702901005744934,0.04647861048579216,0.8987072148789874,0.181492418050766,0,black
58,random_ablation_2,1,green,3,0.04736793413758278,0.07848092913627625,0.031112994998693466,0.9075131204699767,0.16571415960788727,0,black
58,random_ablation_3,1,green,3,0.045282408595085144,0.08015385270118713,0.03487144410610199,0.8610959596616364,0.24888259172439575,0,black
58,random_ablation_4,1,green,3,0.037153955549001694,0.09224983304738998,0.05509587749838829,0.906869889371623,0.16686677932739258,0,black
59,full,2,yellow,5,0.07754006236791611,0.09065046906471252,0.013110406696796417,0.6798649989127794,0.5736051201820374,0,green
59,induction_ablation,2,yellow,5,0.03980506584048271,0.06049028038978577,0.020685214549303055,0.7279918983191223,0.48737314343452454,0,green
59,random_ablation_0,2,yellow,5,0.0789947658777237,0.07421856373548508,-0.004776202142238617,0.6214112730519428,0.6783398389816284,0,green
59,random_ablation_1,2,yellow,5,0.07887844741344452,0.0832713320851326,0.00439288467168808,0.6304654094277848,0.6621173024177551,0,green
59,random_ablation_2,2,yellow,5,0.07556457072496414,0.08301335573196411,0.0074487850069999695,0.697090059745696,0.5427420735359192,0,green
59,random_ablation_3,2,yellow,5,0.06889340281486511,0.08003871887922287,0.011145316064357758,0.5795051794924303,0.7534254789352417,0,green
59,random_ablation_4,2,yellow,5,0.07130984216928482,0.08295655995607376,0.01164671778678894,0.6683285546884091,0.5942754745483398,0,green
60,full,0,yellow,2,0.04203208163380623,0.11453945189714432,0.07250736653804779,0.8943785782954147,0.18924804031848907,0,black
60,induction_ablation,0,yellow,2,0.024632861837744713,0.06512366235256195,0.04049079865217209,0.827891183434258,0.30837777256965637,0,black
60,random_ablation_0,0,yellow,2,0.03649681434035301,0.07354658842086792,0.03704977408051491,0.8257728054686418,0.312173068523407,0,black
60,random_ablation_1,0,yellow,2,0.04064030572772026,0.12033671885728836,0.0796964168548584,0.8792629801439624,0.2163315862417221,0,black
60,random_ablation_2,0,yellow,2,0.04369480907917023,0.11814457178115845,0.07444976270198822,0.9054055872156794,0.16949039697647095,0,black
60,random_ablation_3,0,yellow,2,0.039307914674282074,0.12325842678546906,0.08395051211118698,0.877287778980545,0.2198706865310669,0,black
60,random_ablation_4,0,yellow,2,0.03650714457035065,0.12089253216981888,0.08438538759946823,0.8951381072795691,0.1878872513771057,0,black
61,full,1,green,3,0.1136016994714737,0.108339324593544,-0.0052623748779296875,0.9314043521654848,0.12290691584348679,0,red
61,induction_ablation,1,green,3,0.1256115883588791,0.12345827370882034,-0.0021533146500587463,0.8493178047855989,0.26998627185821533,0,red
61,random_ablation_0,1,green,3,0.10539240390062332,0.04664066806435585,-0.05875173583626747,0.8889656701758606,0.19894692301750183,0,red
61,random_ablation_1,1,green,3,0.1154249832034111,0.12000642716884613,0.004581443965435028,0.925685663105919,0.1331533044576645,0,red
61,random_ablation_2,1,green,3,0.11374972015619278,0.10609309375286102,-0.007656626403331757,0.920535423208986,0.14238141477108002,0,red
61,random_ablation_3,1,green,3,0.11387171596288681,0.11807892471551895,0.004207208752632141,0.8851781381147238,0.2057330310344696,0,red
61,random_ablation_4,1,green,3,0.10030432790517807,0.12747515738010406,0.027170829474925995,0.9281437533169007,0.12874914705753326,0,red
62,full,2,yellow,1,0.058283690363168716,0.08542872220277786,0.027145031839609146,0.8494719593630591,0.26971006393432617,0,black
62,induction_ablation,2,yellow,1,0.02630743943154812,0.0346965491771698,0.008389109745621681,0.7373951279482805,0.4705246090888977,0,black
62,random_ablation_0,2,yellow,1,0.051476407796144485,0.062301646918058395,0.01082523912191391,0.7439789987623964,0.458728164434433,0,black
62,random_ablation_1,2,yellow,1,0.05667587369680405,0.0805036798119545,0.02382780611515045,0.8331098847296402,0.2990269064903259,0,black
62,random_ablation_2,2,yellow,1,0.061944786459207535,0.080221027135849,0.018276240676641464,0.8496631722485234,0.26936736702919006,0,black
62,random_ablation_3,2,yellow,1,0.05018223449587822,0.08959443122148514,0.03941219672560692,0.8570295255768857,0.2561687231063843,0,black
62,random_ablation_4,2,yellow,1,0.05231504887342453,0.08396762609481812,0.031652577221393585,0.8540584073353492,0.26149237155914307,0,black
63,full,0,green,0,0.4642152488231659,0.5570315718650818,0.0928163230419159,0.7702440246612721,0.4116675555706024,1,green
63,induction_ablation,0,green,0,0.5850450396537781,0.5886015892028809,0.003556549549102783,0.7349904629102383,0.4748334288597107,1,green
63,random_ablation_0,0,green,0,0.46419253945350647,0.5169565677642822,0.05276402831077576,0.8018785133024546,0.3549862205982208,1,green
63,random_ablation_1,0,green,0,0.504229724407196,0.5938779711723328,0.08964824676513672,0.7283395944010416,0.48675015568733215,1,green
63,random_ablation_2,0,green,0,0.4220776855945587,0.5172214508056641,0.09514376521110535,0.8088317696211277,0.3425277769565582,1,green
63,random_ablation_3,0,green,0,0.5077841281890869,0.6028027534484863,0.09501862525939941,0.7210478899444575,0.4998149275779724,1,green
63,random_ablation_4,0,green,0,0.48275473713874817,0.5687394142150879,0.08598467707633972,0.7576044138210762,0.4343148171901703,1,green
64,full,1,blue,5,0.1531190723180771,0.15694177150726318,0.003822699189186096,0.9324158377248838,0.12109450995922089,0,green
64,induction_ablation,1,blue,5,0.1501896232366562,0.16656510531902313,0.016375482082366943,0.8412475432010739,0.2844464182853699,0,green
64,random_ablation_0,1,blue,5,0.16373716294765472,0.1523585170507431,-0.011378645896911621,0.9761897498461648,0.04266251251101494,0,green
64,random_ablation_1,1,blue,5,0.1472504585981369,0.15383680164813995,0.006586343050003052,0.9091966454712942,0.162697896361351,0,green
64,random_ablation_2,1,blue,5,0.16915220022201538,0.16185255348682404,-0.007299646735191345,0.9389229971761116,0.10943502932786942,0,green
64,random_ablation_3,1,blue,5,0.1388757973909378,0.166770339012146,0.02789454162120819,0.8811944698022478,0.21287110447883606,0,green
64,random_ablation_4,1,blue,5,0.14631924033164978,0.17118418216705322,0.024864941835403442,0.9074994148838925,0.1657387763261795,0,green
65,full,2,white,0,0.47336599230766296,0.6175297498703003,0.14416375756263733,0.6880419777792407,0.5589537024497986,1,white
65,induction_ablation,2,white,0,0.51811683177948,0.5484620928764343,0.030345261096954346,0.7309238292295738,0.4821198880672455,1,white
65,random_ablation_0,2,white,0,0.47198551893234253,0.6828576922416687,0.21087217330932617,0.6089973386583353,0.70058274269104,1,white
65,random_ablation_1,2,white,0,0.5012677907943726,0.6023476719856262,0.10107988119125366,0.7069914807758133,0.5250007510185242,1,white
65,random_ablation_2,2,white,0,0.48039865493774414,0.6133623719215393,0.13296371698379517,0.6935453693797382,0.5490929484367371,1,white
65,random_ablation_3,2,white,0,0.49366986751556396,0.609268307685852,0.11559844017028809,0.698089037294494,0.5409518480300903,1,white
65,random_ablation_4,2,white,0,0.4789356589317322,0.6026982069015503,0.12376254796981812,0.704652881985254,0.5291910767555237,1,white
66,full,0,black,4,0.08509252220392227,0.21642303466796875,0.13133051991462708,0.9240855026646178,0.13602054119110107,0,blue
66,induction_ablation,0,black,4,0.06818491220474243,0.17728465795516968,0.10909974575042725,0.8681585280091256,0.23622828722000122,0,blue
66,random_ablation_0,0,black,4,0.07533831149339676,0.1510060429573059,0.07566773146390915,0.9058001883373524,0.16878333687782288,0,blue
66,random_ablation_1,0,black,4,0.07862792164087296,0.2116779386997223,0.13305002450942993,0.9066825353404933,0.16720224916934967,0,blue
66,random_ablation_2,0,black,4,0.08359406888484955,0.19823849201202393,0.11464442312717438,0.9299986646762405,0.12542542815208435,0,blue
66,random_ablation_3,0,black,4,0.08096634596586227,0.22964909672737122,0.14868274331092834,0.9069181915827738,0.166780486702919,0,blue
66,random_ablation_4,0,black,4,0.08502457290887833,0.21741026639938354,0.13238570094108582,0.9186903585813959,0.14568747580051422,0,blue
67,full,1,black,5,0.09040604531764984,0.1834181845188141,0.09301213920116425,0.9532581087724556,0.08375012874603271,0,red
67,induction_ablation,1,black,5,0.07293351739645004,0.1409091353416443,0.06797561794519424,0.8999855601751982,0.17920181155204773,0,red
67,random_ablation_0,1,black,5,0.07751850038766861,0.11820508539676666,0.04068658500909805,0.9137752426709731,0.154494047164917,0,red
67,random_ablation_1,1,black,5,0.08407673239707947,0.18425613641738892,0.10017940402030945,0.95063009590682,0.08845889568328857,0,red
67,random_ablation_2,1,black,5,0.08982034772634506,0.16702227294445038,0.07720192521810532,0.9502439443454997,0.0891508013010025,0,red
67,random_ablation_3,1,black,5,0.08801338076591492,0.1872994601726532,0.09928607940673828,0.9370618318114713,0.11277002096176147,0,red
67,random_ablation_4,1,black,5,0.09051410853862762,0.19074206054210663,0.100227952003479,0.9493437002420841,0.09076394140720367,0,red
68,full,2,black,2,0.10105540603399277,0.159708172082901,0.058652766048908234,0.9474987686784366,0.09406965970993042,0,yellow
68,induction_ablation,2,black,2,0.08995411545038223,0.11281513422727585,0.022861018776893616,0.9523696408279569,0.08534210920333862,0,yellow
68,random_ablation_0,2,black,2,0.08712274581193924,0.12620095908641815,0.03907821327447891,0.9498826757414389,0.08979829400777817,0,yellow
68,random_ablation_1,2,black,2,0.09634779393672943,0.15084969997406006,0.05450190603733063,0.9462860904378811,0.09624244272708893,0,yellow
68,random_ablation_2,2,black,2,0.10148850828409195,0.17278166115283966,0.07129315286874771,0.9641108039279617,0.06430499255657196,0,yellow
68,random_ablation_3,2,black,2,0.08978605270385742,0.14457115530967712,0.0547851026058197,0.924623879376231,0.135055810213089,0,yellow
68,random_ablation_4,2,black,2,0.10559248179197311,0.13437268137931824,0.028780199587345123,0.9305577993628937,0.12442396581172943,0,yellow
69,full,0,blue,5,0.10889171808958054,0.16712813079357147,0.058236412703990936,0.8730019889864779,0.22754989564418793,0,white
69,induction_ablation,0,blue,5,0.09921549260616302,0.1647336483001709,0.06551815569400787,0.8131972649167906,0.3347054719924927,0,white
69,random_ablation_0,0,blue,5,0.11821693927049637,0.16380620002746582,0.04558926075696945,0.8713651028970288,0.23048293590545654,0,white
69,random_ablation_1,0,blue,5,0.10298006236553192,0.17441794276237488,0.07143788039684296,0.8527394110046853,0.2638556957244873,0,white
69,random_ablation_2,0,blue,5,0.11443697661161423,0.17213095724582672,0.057693980634212494,0.8781979363476816,0.21824002265930176,0,white
69,random_ablation_3,0,blue,5,0.09947258234024048,0.1793820559978485,0.07990947365760803,0.8556139248239204,0.2587049901485443,0,white
69,random_ablation_4,0,blue,5,0.10116017609834671,0.170730859041214,0.06957068294286728,0.8740865266503444,0.2256067842245102,0,white
70,full,1,blue,4,0.09775582700967789,0.14970140159130096,0.05194557458162308,0.9398146586552318,0.10783759504556656,0,black
70,induction_ablation,1,blue,4,0.08579039573669434,0.12179767340421677,0.03600727766752243,0.8027112274550191,0.35349413752555847,0,black
70,random_ablation_0,1,blue,4,0.10204294323921204,0.10398128628730774,0.0019383430480957031,0.9197241323511743,0.14383503794670105,0,black
70,random_ablation_1,1,blue,4,0.09306783229112625,0.1479344218969345,0.05486658960580826,0.926255110248121,0.13213321566581726,0,black
70,random_ablation_2,1,blue,4,0.10713251680135727,0.1480812430381775,0.04094872623682022,0.9400164501241298,0.1074758991599083,0,black
70,random_ablation_3,1,blue,4,0.09101942926645279,0.14944730699062347,0.058427877724170685,0.8961032865869558,0.1861581802368164,0,black
70,random_ablation_4,1,blue,4,0.08950182795524597,0.1633579134941101,0.07385608553886414,0.9429456532237588,0.10222756862640381,0,black
71,full,2,blue,0,0.42353272438049316,0.411897212266922,-0.011635512113571167,0.8817909954567614,0.21180221438407898,1,blue
71,induction_ablation,2,blue,0,0.5286713242530823,0.339061439037323,-0.18960988521575928,0.9283285126011506,0.12841801345348358,1,blue
71,random_ablation_0,2,blue,0,0.4398018419742584,0.42300593852996826,-0.01679590344429016,0.8751173064814151,0.22375963628292084,1,blue
71,random_ablation_1,2,blue,0,0.46053993701934814,0.437405526638031,-0.02313441038131714,0.8623812242828605,0.24657972157001495,1,blue
71,random_ablation_2,2,blue,0,0.41561922430992126,0.40292418003082275,-0.01269504427909851,0.8878629027518629,0.200922891497612,1,blue
71,random_ablation_3,2,blue,0,0.4410375952720642,0.45494040846824646,0.013902813196182251,0.8461188145424219,0.2757180333137512,1,blue
71,random_ablation_4,2,blue,0,0.4413410723209381,0.443840891122818,0.002499818801879883,0.8476921625992966,0.27289915084838867,1,blue
72,full,0,green,0,0.49241867661476135,0.5657708644866943,0.07335218787193298,0.7479508243839842,0.4516114592552185,1,green
72,induction_ablation,0,green,0,0.6090230345726013,0.6066920161247253,-0.0023310184478759766,0.7042634038253697,0.5298888087272644,1,green
72,random_ablation_0,0,green,0,0.49630090594291687,0.5346988439559937,0.03839793801307678,0.7717336754982741,0.4089982807636261,1,green
72,random_ablation_1,0,green,0,0.5292270183563232,0.5979307889938354,0.06870377063751221,0.7096799712033443,0.5201837420463562,1,green
72,random_ablation_2,0,green,0,0.4470653533935547,0.5239180326461792,0.07685267925262451,0.7855527651253557,0.38423770666122437,1,green
72,random_ablation_3,0,green,0,0.5291710495948792,0.605979859828949,0.07680881023406982,0.7084957021145262,0.522305428981781,1,green
72,random_ablation_4,0,green,0,0.506386399269104,0.5774313807487488,0.07104498147964478,0.7321601928519056,0.47990450263023376,1,green
73,full,1,yellow,5,0.035929493606090546,0.11202941089868546,0.07609991729259491,0.9521850146076496,0.08567312359809875,0,black
73,induction_ablation,1,yellow,5,0.01562570035457611,0.06096785515546799,0.045342154800891876,0.8367984837494808,0.2924179434776306,0,black
73,random_ablation_0,1,yellow,5,0.03490283712744713,0.08011947572231293,0.0452166385948658,0.9113587349420427,0.15882381796836853,0,black
73,random_ablation_1,1,yellow,5,0.0349184051156044,0.10015222430229187,0.06523381918668747,0.9449656969358202,0.09860821068286896,0,black
73,random_ablation_2,1,yellow,5,0.038156718015670776,0.10541685670614243,0.06726013869047165,0.9494202785410296,0.09062689542770386,0,black
73,random_ablation_3,1,yellow,5,0.03133145719766617,0.12386945635080338,0.09253799915313721,0.9208237727725218,0.14186489582061768,0,black
73,random_ablation_4,1,yellow,5,0.030807703733444214,0.10600771009922028,0.07520000636577606,0.9509812516512459,0.08782987296581268,0,black
74,full,2,yellow,5,0.0714779645204544,0.08240148425102234,0.010923519730567932,0.681128906771222,0.5713402032852173,0,red
74,induction_ablation,2,yellow,5,0.046616408973932266,0.060127899050712585,0.01351149007678032,0.8152155787975988,0.3310892581939697,0,red
74,random_ablation_0,2,yellow,5,0.07701873034238815,0.07703214883804321,1.3418495655059814e-05,0.7102208761298663,0.5192144513130188,0,red
74,random_ablation_1,2,yellow,5,0.07337041944265366,0.07992562651634216,0.006555207073688507,0.6783798057178533,0.5762661099433899,0,red
74,random_ablation_2,2,yellow,5,0.07288122177124023,0.07962392270565033,0.006742700934410095,0.6885359776660089,0.5580686330795288,0,red
74,random_ablation_3,2,yellow,5,0.06450660526752472,0.0748077929019928,0.010301187634468079,0.6176470937127259,0.6850842833518982,0,red
74,random_ablation_4,2,yellow,5,0.06558872759342194,0.06501257419586182,-0.0005761533975601196,0.5805075501717636,0.751629650592804,0,red
75,full,0,blue,5,0.18997544050216675,0.23955999314785004,0.04958455264568329,0.9068839276175635,0.16684183478355408,0,red
75,induction_ablation,0,blue,5,0.22374503314495087,0.26034048199653625,0.03659544885158539,0.8673409831460135,0.23769298195838928,0,red
75,random_ablation_0,0,blue,5,0.21056286990642548,0.2328542321920395,0.022291362285614014,0.8824520571234186,0.21061751246452332,0,red
75,random_ablation_1,0,blue,5,0.19560597836971283,0.2606388330459595,0.06503285467624664,0.8997102508780336,0.17969509959220886,0,red
75,random_ablation_2,0,blue,5,0.19790731370449066,0.2436218559741974,0.045714542269706726,0.9146388941901836,0.1529466211795807,0,red
75,random_ablation_3,0,blue,5,0.17996035516262054,0.2555280029773712,0.07556764781475067,0.8846378319759433,0.20670145750045776,0,red
75,random_ablation_4,0,blue,5,0.1833115667104721,0.2491142898797989,0.06580272316932678,0.8929039636839223,0.19189047813415527,0,red
76,full,1,black,0,0.48409533500671387,0.32946527004241943,-0.15463006496429443,0.9035345085873181,0.17284289002418518,1,black
76,induction_ablation,1,black,0,0.610632598400116,0.5319149494171143,-0.07871764898300171,0.7523331522683814,0.44375941157341003,1,black
76,random_ablation_0,1,black,0,0.5011681914329529,0.24594728648662567,-0.255220890045166,0.918275731336367,0.14643022418022156,0,white
76,random_ablation_1,1,black,0,0.5087035298347473,0.33983829617500305,-0.16886523365974426,0.8910831832258501,0.19515283405780792,1,black
76,random_ablation_2,1,black,0,0.45866185426712036,0.32987481355667114,-0.12878704071044922,0.9008395645585728,0.1776716709136963,1,black
76,random_ablation_3,1,black,0,0.5030965805053711,0.42583659291267395,-0.07725998759269714,0.8492929883603108,0.2700306177139282,1,black
76,random_ablation_4,1,black,0,0.5059067606925964,0.3133275806903839,-0.19257918000221252,0.9101663489527282,0.1609601378440857,1,black
77,full,2,white,2,0.12058891355991364,0.19151370227336884,0.0709247887134552,0.9263270313090768,0.13200441002845764,0,yellow
77,induction_ablation,2,white,2,0.09851286560297012,0.12283599376678467,0.024323128163814545,0.93857310553914,0.11006240546703339,0,yellow
77,random_ablation_0,2,white,2,0.10204154998064041,0.16614800691604614,0.06410645693540573,0.9236713411433878,0.1367628127336502,0,yellow
77,random_ablation_1,2,white,2,0.11906302720308304,0.1659967601299286,0.04693373292684555,0.9240951498004536,0.13600337505340576,0,yellow
77,random_ablation_2,2,white,2,0.12318818271160126,0.20541298389434814,0.08222480118274689,0.9460344665224929,0.09669344872236252,0,yellow
77,random_ablation_3,2,white,2,0.11135442554950714,0.1653313934803009,0.05397696793079376,0.899680378022928,0.1797488033771515,0,yellow
77,random_ablation_4,2,white,2,0.11944364011287689,0.15679560601711273,0.03735196590423584,0.9036227299812379,0.17268502712249756,0,yellow
78,full,0,red,1,0.17227797210216522,0.23857218027114868,0.06629420816898346,0.8635001589758797,0.24457500874996185,0,blue
78,induction_ablation,0,red,1,0.14980646967887878,0.20239673554897308,0.0525902658700943,0.78629153613447,0.3829140067100525,0,blue
78,random_ablation_0,0,red,1,0.17942653596401215,0.2097560465335846,0.03032951056957245,0.8300981819856217,0.3044232130050659,0,blue
78,random_ablation_1,0,red,1,0.1493193656206131,0.21961276233196259,0.07029339671134949,0.8447853142420184,0.27810758352279663,0,blue
78,random_ablation_2,0,red,1,0.17561757564544678,0.22710247337818146,0.05148489773273468,0.8694698731630922,0.23387868702411652,0,blue
78,random_ablation_3,0,red,1,0.15841375291347504,0.23614400625228882,0.07773025333881378,0.8384136804162919,0.28952381014823914,0,blue
78,random_ablation_4,0,red,1,0.17519646883010864,0.2510676383972168,0.07587116956710815,0.8491542026682167,0.27027928829193115,0,blue
79,full,1,green,0,0.43490344285964966,0.2473812997341156,-0.18752214312553406,0.9803437400051225,0.03521927446126938,1,green
79,induction_ablation,1,green,0,0.5565239787101746,0.43279606103897095,-0.12372791767120361,0.8864357919678658,0.20347997546195984,1,green
79,random_ablation_0,1,green,0,0.4461705684661865,0.13320058584213257,-0.31296998262405396,0.9728857056203336,0.04858223721385002,0,white
79,random_ablation_1,1,green,0,0.4744320213794708,0.28478240966796875,-0.18964961171150208,0.9644402702497498,0.06371457874774933,1,green
79,random_ablation_2,1,green,0,0.38870948553085327,0.23185209929943085,-0.15685738623142242,0.9775663628639589,0.040195733308792114,0,white
79,random_ablation_3,1,green,0,0.48142123222351074,0.3100030720233917,-0.17141816020011902,0.9584247820662953,0.07449275255203247,1,green
79,random_ablation_4,1,green,0,0.45169755816459656,0.2956887185573578,-0.15600883960723877,0.9652006641495308,0.06235211342573166,1,green
80,full,2,blue,1,0.17846356332302094,0.1292375922203064,-0.04922597110271454,0.9131181729225929,0.15567125380039215,0,yellow
80,induction_ablation,2,blue,1,0.1845349371433258,0.10185128450393677,-0.08268365263938904,0.920254126034406,0.1428852379322052,0,yellow
80,random_ablation_0,2,blue,1,0.18607811629772186,0.1315290927886963,-0.054549023509025574,0.9045247704478782,0.17106859385967255,0,yellow
80,random_ablation_1,2,blue,1,0.17755521833896637,0.13196556270122528,-0.04558965563774109,0.9048673435680087,0.1704546958208084,0,yellow
80,random_ablation_2,2,blue,1,0.19037261605262756,0.14454735815525055,-0.045825257897377014,0.9337106829499724,0.11877448856830597,0,yellow
80,random_ablation_3,2,blue,1,0.16698043048381805,0.1304318606853485,-0.03654856979846954,0.8821737538875463,0.211116224527359,0,yellow
80,random_ablation_4,2,blue,1,0.1777058243751526,0.127085879445076,-0.0506199449300766,0.8885938895203372,0.19961294531822205,0,yellow
81,full,0,blue,5,0.16338850557804108,0.21594537794589996,0.05255687236785889,0.8876676979481217,0.20127247273921967,0,green
81,induction_ablation,0,blue,5,0.15679670870304108,0.23269349336624146,0.07589678466320038,0.8377050483901682,0.29079368710517883,0,green
81,random_ablation_0,0,blue,5,0.1749764233827591,0.20644299685955048,0.03146657347679138,0.8834768490770739,0.20878159999847412,0,green
81,random_ablation_1,0,blue,5,0.1589042693376541,0.22498106956481934,0.06607680022716522,0.8519171423716121,0.26532885432243347,0,green
81,random_ablation_2,0,blue,5,0.17559492588043213,0.22262750566005707,0.04703257977962494,0.9101698086152348,0.16095423698425293,0,green
81,random_ablation_3,0,blue,5,0.14946304261684418,0.22881294786930084,0.07934990525245667,0.8474110650206306,0.273402601480484,0,green
81,random_ablation_4,0,blue,5,0.1568155735731125,0.2206244021654129,0.06380882859230042,0.8833601519994454,0.20899060368537903,0,green
82,full,1,green,1,0.18243081867694855,0.13895799219608307,-0.04347282648086548,0.9323743217748038,0.12116917967796326,0,yellow
82,induction_ablation,1,green,1,0.17911256849765778,0.16242924332618713,-0.016683325171470642,0.8868222761890424,0.2027871459722519,0,yellow
82,random_ablation_0,1,green,1,0.17561079561710358,0.08135516196489334,-0.09425563365221024,0.9234454651008857,0.13716734945774078,0,yellow
82,random_ablation_1,1,green,1,0.1855507344007492,0.15690146386623383,-0.02864927053451538,0.9393452755978379,0.1086786538362503,0,yellow
82,random_ablation_2,1,green,1,0.17253708839416504,0.13357670605182648,-0.03896038234233856,0.9357818232159785,0.11506341397762299,0,yellow
82,random_ablation_3,1,green,1,0.18777918815612793,0.1400570571422577,-0.04772213101387024,0.8410685721983255,0.2847667634487152,0,yellow
82,random_ablation_4,1,green,1,0.1767037808895111,0.16459664702415466,-0.012107133865356445,0.9318123262133855,0.12217599153518677,0,yellow
83,full,2,black,4,0.2031754106283188,0.22987526655197144,0.02669985592365265,0.7095741188370347,0.5203732848167419,0,white
83,induction_ablation,2,black,4,0.2180926352739334,0.19883619248867035,-0.01925644278526306,0.6627236352997354,0.6043183207511902,0,white
83,random_ablation_0,2,black,4,0.20129941403865814,0.19336196780204773,-0.007937446236610413,0.6240347617435312,0.6736392974853516,0,white
83,random_ablation_1,2,black,4,0.20446503162384033,0.23071254789829254,0.02624751627445221,0.7200698699666134,0.5015674233436584,0,white
83,random_ablation_2,2,black,4,0.19138476252555847,0.22633947432041168,0.03495471179485321,0.7159140169124597,0.509013831615448,0,white
83,random_ablation_3,2,black,4,0.20417052507400513,0.236214742064476,0.032044216990470886,0.7021243344166848,0.5337215662002563,0,white
83,random_ablation_4,2,black,4,0.21711350977420807,0.21655307710170746,-0.0005604326725006104,0.717702728960374,0.5058087110519409,0,white
84,full,0,yellow,4,0.04130742326378822,0.09643860906362534,0.05513118579983711,0.8681615884798046,0.23622280359268188,0,white
84,induction_ablation,0,yellow,4,0.020006444305181503,0.046338848769664764,0.02633240446448326,0.7537649868223395,0.4411937892436981,0,white
84,random_ablation_0,0,yellow,4,0.04228121042251587,0.08261577785015106,0.04033456742763519,0.8433876771212993,0.280611515045166,0,white
84,random_ablation_1,0,yellow,4,0.04055674001574516,0.10230866819620132,0.06175192818045616,0.8538699222607076,0.2618301510810852,0,white
84,random_ablation_2,0,yellow,4,0.04128148406744003,0.09752711653709412,0.05624563246965408,0.8724853016975025,0.2284756898880005,0,white
84,random_ablation_3,0,yellow,4,0.038497406989336014,0.11531263589859009,0.07681523263454437,0.8587969473939898,0.2530021071434021,0,white
84,random_ablation_4,0,yellow,4,0.03701518848538399,0.09911108016967773,0.06209589168429375,0.8693786578304646,0.23404210805892944,0,white
85,full,1,blue,4,0.09884040057659149,0.1272352784872055,0.028394877910614014,0.8751028690436469,0.2237856388092041,0,white
85,induction_ablation,1,blue,4,0.08648917824029922,0.11282311379909515,0.02633393555879593,0.75336486354705,0.44191086292266846,0,white
85,random_ablation_0,1,blue,4,0.10772350430488586,0.10026935487985611,-0.007454149425029755,0.8755747137839782,0.2229403853416443,0,white
85,random_ablation_1,1,blue,4,0.096001997590065,0.12331850826740265,0.027316510677337646,0.8497505952587878,0.2692107856273651,0,white
85,random_ablation_2,1,blue,4,0.1022523045539856,0.12543895840644836,0.02318665385246277,0.8687755455107942,0.2351228892803192,0,white
85,random_ablation_3,1,blue,4,0.09205133467912674,0.14285536110401154,0.050804026424884796,0.8560173081658027,0.2579823136329651,0,white
85,random_ablation_4,1,blue,4,0.09087109565734863,0.139865905046463,0.04899480938911438,0.8813579388556875,0.21257823705673218,0,white
86,full,2,black,2,0.21436414122581482,0.23889774084091187,0.024533599615097046,0.7036350093566119,0.5310147404670715,0,white
86,induction_ablation,2,black,2,0.21333642303943634,0.20043684542179108,-0.012899577617645264,0.665290039559964,0.599719762802124,0,white
86,random_ablation_0,2,black,2,0.20576322078704834,0.20848943293094635,0.0027262121438980103,0.6288645836667707,0.6649854779243469,0,white
86,random_ablation_1,2,black,2,0.21613965928554535,0.23833172023296356,0.022192060947418213,0.713330114743784,0.5136434435844421,0,white
86,random_ablation_2,2,black,2,0.20290698111057281,0.23713849484920502,0.0342315137386322,0.7101603320359997,0.5193232893943787,0,white
86,random_ablation_3,2,black,2,0.20303875207901,0.23257270455360413,0.029533952474594116,0.7038116517403654,0.5306981801986694,0,white
86,random_ablation_4,2,black,2,0.23581722378730774,0.22791554033756256,-0.007901683449745178,0.7134559267014781,0.5134178996086121,0,white
87,full,0,red,2,0.09339392185211182,0.16694559156894684,0.07355166971683502,0.8825159278158492,0.21050286293029785,0,white
87,induction_ablation,0,red,2,0.08177650719881058,0.11406411230564117,0.0322876051068306,0.7945707081088204,0.3680799603462219,0,white
87,random_ablation_0,0,red,2,0.09601769596338272,0.1496528536081314,0.05363515764474869,0.8762939243935357,0.2216515690088272,0,white
87,random_ablation_1,0,red,2,0.0756683200597763,0.15687739849090576,0.08120907843112946,0.8769620384491487,0.22045455873012543,0,white
87,random_ablation_2,0,red,2,0.09212804585695267,0.15676994621753693,0.06464190036058426,0.8856272289208766,0.2049284130334854,0,white
87,random_ablation_3,0,red,2,0.08709120750427246,0.181794211268425,0.09470300376415253,0.8776291545251925,0.21925915777683258,0,white
87,random_ablation_4,0,red,2,0.09258951246738434,0.17780910432338715,0.08521959185600281,0.8771191204333453,0.2201729714870453,0,white
88,full,1,white,0,0.4929206371307373,0.3880141079425812,-0.10490652918815613,0.8694078653658575,0.23398970067501068,1,white
88,induction_ablation,1,white,0,0.5646230578422546,0.5367342829704285,-0.027888774871826172,0.7520416757021953,0.44428184628486633,1,white
88,random_ablation_0,1,white,0,0.4934209883213043,0.33159691095352173,-0.1618240773677826,0.8787123615496334,0.2173183560371399,1,white
88,random_ablation_1,1,white,0,0.5174408555030823,0.42162102460861206,-0.09581983089447021,0.8469990990544529,0.27414101362228394,1,white
88,random_ablation_2,1,white,0,0.49994224309921265,0.4030300974845886,-0.09691214561462402,0.8631261827653041,0.24524520337581635,1,white
88,random_ablation_3,1,white,0,0.5191259384155273,0.45146146416664124,-0.06766447424888611,0.8301184742368627,0.30438703298568726,1,white
88,random_ablation_4,1,white,0,0.49663040041923523,0.3746189773082733,-0.12201142311096191,0.8746608971584211,0.2245776206254959,1,white
89,full,2,yellow,0,0.29222187399864197,0.41354474425315857,0.1213228702545166,0.8669632811450461,0.23836985230445862,1,yellow
89,induction_ablation,2,yellow,0,0.2872931659221649,0.3202824592590332,0.032989293336868286,0.9417047654273797,0.1044510155916214,1,yellow
89,random_ablation_0,2,yellow,0,0.2899959683418274,0.3767339289188385,0.08673796057701111,0.8799535820058687,0.21509423851966858,1,yellow
89,random_ablation_1,2,yellow,0,0.31706905364990234,0.4157989025115967,0.09872984886169434,0.8641217671835667,0.24346128106117249,1,yellow
89,random_ablation_2,2,yellow,0,0.2860979437828064,0.36889326572418213,0.08279532194137573,0.896905262968788,0.18472103774547577,1,yellow
89,random_ablation_3,2,yellow,0,0.3176860511302948,0.4445798695087433,0.1268938183784485,0.8338715427368756,0.29766207933425903,1,yellow
89,random_ablation_4,2,yellow,0,0.2978145480155945,0.43058133125305176,0.13276678323745728,0.8395881027733603,0.28741955757141113,1,yellow
90,full,0,white,2,0.07779420912265778,0.20704828202724457,0.1292540729045868,0.9278608593750101,0.12925602495670319,0,green
90,induction_ablation,0,white,2,0.050225820392370224,0.14634141325950623,0.0961155891418457,0.8943695964792917,0.18926432728767395,0,green
90,random_ablation_0,0,white,2,0.06597144901752472,0.14052361249923706,0.07455216348171234,0.9132254224602994,0.15547911822795868,0,green
90,random_ablation_1,0,white,2,0.07036442309617996,0.2020719200372696,0.13170748949050903,0.907460094488865,0.1658092439174652,0,green
90,random_ablation_2,0,white,2,0.0901855081319809,0.21421590447425842,0.12403039634227753,0.942024850741217,0.1038777306675911,0,green
90,random_ablation_3,0,white,2,0.07598540186882019,0.22243668138980865,0.14645127952098846,0.9170874037973007,0.1485593616962433,0,green
90,random_ablation_4,0,white,2,0.0718240961432457,0.2026287317276001,0.1308046281337738,0.9252705036051199,0.13389736413955688,0,green
91,full,1,red,1,0.11677882075309753,0.2255556583404541,0.10877683758735657,0.9437452344546248,0.10079514980316162,0,black
91,induction_ablation,1,red,1,0.07762470096349716,0.15532682836055756,0.0777021273970604,0.8301682401513816,0.30429744720458984,0,black
91,random_ablation_0,1,red,1,0.11665922403335571,0.2405957281589508,0.12393650412559509,0.9187355337898964,0.1456063985824585,0,black
91,random_ablation_1,1,red,1,0.09755293279886246,0.2244611531496048,0.12690821290016174,0.9379634730862838,0.11115451902151108,0,black
91,random_ablation_2,1,red,1,0.12425947934389114,0.22468191385269165,0.1004224345088005,0.9427995490148237,0.10248944908380508,0,black
91,random_ablation_3,1,red,1,0.10149387270212173,0.2388036698102951,0.13730978965759277,0.9061105599833826,0.16822727024555206,0,black
91,random_ablation_4,1,red,1,0.11271681636571884,0.23006781935691833,0.1173510029911995,0.9428780567409363,0.10234885662794113,0,black
92,full,2,white,0,0.48936545848846436,0.6219401359558105,0.1325746774673462,0.6790658834057124,0.5750367641448975,1,white
92,induction_ablation,2,white,0,0.5355702042579651,0.5543059706687927,0.018735766410827637,0.7212717700278212,0.49941402673721313,1,white
92,random_ablation_0,2,white,0,0.48831239342689514,0.6907879710197449,0.20247557759284973,0.5953228895368206,0.725084125995636,1,white
92,random_ablation_1,2,white,0,0.5152766108512878,0.6075978875160217,0.09232127666473389,0.6972980386879234,0.54236900806427,1,white
92,random_ablation_2,2,white,0,0.4968872666358948,0.6176378726959229,0.12075060606002808,0.6851419156830333,0.5641498565673828,1,white
92,random_ablation_3,2,white,0,0.5149179100990295,0.6160650849342346,0.10114717483520508,0.6857872758044679,0.5629937052726746,1,white
92,random_ablation_4,2,white,0,0.49501070380210876,0.6076937317848206,0.11268302798271179,0.6937864812436638,0.5486608743667603,1,white
93,full,0,white,3,0.10960764437913895,0.25776252150535583,0.14815488457679749,0.8973191583621328,0.18397937715053558,0,blue
93,induction_ablation,0,white,3,0.07423356175422668,0.1725829839706421,0.0983494222164154,0.8250158712313674,0.3135295510292053,0,blue
93,random_ablation_0,0,white,3,0.09916622191667557,0.18319730460643768,0.08403108268976212,0.8802104619469883,0.21463416516780853,0,blue
93,random_ablation_1,0,white,3,0.10586698353290558,0.25583988428115845,0.14997290074825287,0.8764008412713857,0.2214597910642624,0,blue
93,random_ablation_2,0,white,3,0.11143707484006882,0.24828864634037018,0.13685157895088196,0.9043984262344138,0.17129488289356232,0,blue
93,random_ablation_3,0,white,3,0.10818332433700562,0.27265089750289917,0.16446757316589355,0.8771855858726559,0.22005406022071838,0,blue
93,random_ablation_4,0,white,3,0.1068931519985199,0.2595164477825165,0.15262329578399658,0.8898963859221234,0.19727922976016998,0,blue
94,full,1,blue,4,0.08569524437189102,0.10423785448074341,0.018542610108852386,0.8589143763233025,0.2527916431427002,0,white
94,induction_ablation,1,blue,4,0.0812685638666153,0.08830635249614716,0.00703778862953186,0.7457932590872829,0.4554773271083832,0,white
94,random_ablation_0,1,blue,4,0.09424752742052078,0.08942804485559464,-0.0048194825649261475,0.8777980792002773,0.21895627677440643,0,white
94,random_ablation_1,1,blue,4,0.08215264230966568,0.10027654469013214,0.01812390238046646,0.8297684495359485,0.3050140142440796,0,white
94,random_ablation_2,1,blue,4,0.08984563499689102,0.10390153527259827,0.014055900275707245,0.8500922369313204,0.2685985863208771,0,white
94,random_ablation_3,1,blue,4,0.08097410947084427,0.11517778784036636,0.034203678369522095,0.8405477599271307,0.2857002913951874,0,white
94,random_ablation_4,1,blue,4,0.07865090668201447,0.11297017335891724,0.03431926667690277,0.865834965444076,0.24039174616336823,0,white
95,full,2,blue,3,0.08546976000070572,0.08153796941041946,-0.003931790590286255,0.814127914131082,0.3330382704734802,0,black
95,induction_ablation,2,blue,3,0.0813327357172966,0.05621490627527237,-0.02511782944202423,0.724449470040188,0.4937203824520111,0,black
95,random_ablation_0,2,blue,3,0.08328661322593689,0.056281883269548416,-0.027004729956388474,0.6999539949814975,0.5376104116439819,0,black
95,random_ablation_1,2,blue,3,0.0822363942861557,0.08573254942893982,0.0034961551427841187,0.8079075740080506,0.3441833257675171,0,black
95,random_ablation_2,2,blue,3,0.09029055386781693,0.08362870663404465,-0.006661847233772278,0.8154666704572167,0.33063945174217224,0,black
95,random_ablation_3,2,blue,3,0.08228202909231186,0.09671939164400101,0.014437362551689148,0.8348177604324469,0.2959669828414917,0,black
95,random_ablation_4,2,blue,3,0.07784172147512436,0.08282109349966049,0.004979372024536133,0.8166365686402379,0.32854312658309937,0,black
